<TrID ver="2.00">
	<Info>
		<FileType>010 Editor bookmark</FileType>
		<Ext>1BK</Ext>
		<ExtraInfo>
			<Rem>010 Editor is a powerful Hex Editor with Binary Templates and scripting.</Rem>
			<RefURL>http://www.sweetscape.com/010editor/</RefURL>
		</ExtraInfo>
		<User>Marco Pontello</User>
		<E-Mail>marcopon@gmail.com</E-Mail>
		<Home>http://mark0.net</Home>
	</Info>
	<General>
		<FileNum>3</FileNum>
		<Date>
			<Year>2005</Year>
			<Month>07</Month>
			<Day>30</Day>
		</Date>
		<Time>
			<Hour>12</Hour>
			<Min>46</Min>
			<Sec>36</Sec>
		</Time>
		<Creator>TrIDScan32 v1.56</Creator>
	</General>
	<FrontBlock>
		<Pattern>
			<Bytes>2531424B01000000</Bytes>
			<ASCII> % 1 B K</ASCII>
			<Pos>0</Pos>
		</Pattern>
	</FrontBlock>
</TrID>
