<TrID ver="2.00">
	<Info>
		<FileType>Bio-Rad Scan file</FileType>
		<Ext>1SC</Ext>
		<ExtraInfo>
			<Rem></Rem>
			<RefURL>http://www.bio-rad.com/</RefURL>
		</ExtraInfo>
		<User>Marco Pontello</User>
		<E-Mail>marcopon@gmail.com</E-Mail>
		<Home>http://mark0.net</Home>	</Info>
	<General>
		<FileNum>26</FileNum>
		<Refine>1 by Marco Pontello</Refine>
		<CheckStrings>True</CheckStrings>
		<Date>
			<Year>2008</Year>
			<Month>03</Month>
			<Day>10</Day>
		</Date>
		<Time>
			<Hour>03</Hour>
			<Min>27</Min>
			<Sec>07</Sec>
		</Time>
		<Creator>TrIDScan32 v1.56</Creator>
	</General>
	<FrontBlock>
		<Pattern>
			<Bytes>AFAF537461626C652046696C652056657273696F6E20</Bytes>
			<ASCII> . . S t a b l e   F i l e   V e r s i o n</ASCII>
			<Pos>0</Pos>
		</Pattern>
		<Pattern>
			<Bytes>2E</Bytes>
			<Pos>23</Pos>
		</Pattern>
	</FrontBlock>
	<GlobalStrings>
		<String>BIO-RAD SCAN FILE - ID</String>
		<String>STABLE FILE VERSION</String>
		<String>SCANNER_MAXPIX</String>
		<String>SCANNER_MAXQTY</String>
		<String>SCANNER_UNITS</String>
		<String>SCANNER_BIAS</String>
		<String>SCAN HEADER</String>
		<String>SCAN_AREA</String>
		<String>NAME</String>
		<String>SIZE</String>
		<String>IMAG</String>
	</GlobalStrings>
</TrID>
