<TrID ver="1.18">
    <Info>
        <FileType>Stereo CAD-3D Object</FileType>
        <Ext>3D2</Ext>
        <ExtraInfo>
            <Rem></Rem>
            <RefURL></RefURL>
        </ExtraInfo>
        <User>Marco Pontello</User>
        <E-Mail>marcopon@gmail.com</E-Mail>
        <Home>http://mark0.net</Home>
    </Info>
    <General>
        <FileNum>3</FileNum>
        <Date>
            <Year>2003</Year>
            <Month>10</Month>
            <Day>12</Day>
        </Date>
        <Time>
            <Hour>19</Hour>
            <Min>13</Min>
            <Sec>46</Sec>
        </Time>
        <Creator>TrIDScan32 v1.23</Creator>
    </General>
    <FrontBlock>
        <Pattern>
            <Bytes>3D02</Bytes>
            <ASCII> =</ASCII>
            <Pos>0</Pos>
        </Pattern>
    </FrontBlock>
</TrID>
