<TrID ver="2.00">
	<Info>
		<FileType>QuickDraw 3D Metafile</FileType>
		<Ext>3DMF</Ext>
		<ExtraInfo>
			<Rem></Rem>
			<RefURL>http://www.apple.com/downloads/macosx/imaging_3d/3dmfviewer.html</RefURL>
		</ExtraInfo>
		<User>Marco Pontello</User>
		<E-Mail>marcopon@gmail.com</E-Mail>
		<Home>http://mark0.net</Home>
	</Info>
	<General>
		<FileNum>29</FileNum>
		<Date>
			<Year>2005</Year>
			<Month>05</Month>
			<Day>08</Day>
		</Date>
		<Time>
			<Hour>20</Hour>
			<Min>16</Min>
			<Sec>55</Sec>
		</Time>
		<Creator>TrIDScan32 v1.56</Creator>
	</General>
	<FrontBlock>
		<Pattern>
			<Bytes>33444D65746166696C65202820</Bytes>
			<ASCII> 3 D M e t a f i l e   (</ASCII>
			<Pos>0</Pos>
		</Pattern>
	</FrontBlock>
</TrID>
