<TrID ver="2.00">
	<Info>
		<FileType>3D Movie Maker (generic)</FileType>
		<Ext>3MM/3TH/CHK</Ext>
		<ExtraInfo>
			<Rem></Rem>
			<RefURL>http://www.3dmm.com/bboard/</RefURL>
		</ExtraInfo>
		<User>Marco Pontello</User>
		<E-Mail>marcopon@gmail.com</E-Mail>
		<Home>http://mark0.net</Home>
	</Info>
	<General>
		<FileNum>7</FileNum>
		<Date>
			<Year>2004</Year>
			<Month>09</Month>
			<Day>29</Day>
		</Date>
		<Time>
			<Hour>00</Hour>
			<Min>39</Min>
			<Sec>05</Sec>
		</Time>
		<Creator>TrIDScan32 v1.56</Creator>
	</General>
	<FrontBlock>
		<Pattern>
			<Bytes>43484E3220434F53</Bytes>
			<ASCII> C H N 2   C O S</ASCII>
			<Pos>0</Pos>
		</Pattern>
		<Pattern>
			<Bytes>0004000100</Bytes>
			<Pos>9</Pos>
		</Pattern>
	</FrontBlock>
</TrID>
