<TrID ver="2.00">
	<Info>
		<FileType>3Doku game</FileType>
		<Ext>3DOKU</Ext>
		<ExtraInfo>
			<Rem></Rem>
			<RefURL>http://www.tellini.org/any/3doku/</RefURL>
		</ExtraInfo>
		<User>Marco Pontello</User>
		<E-Mail>marcopon@gmail.com</E-Mail>
		<Home>http://mark0.net</Home>
	</Info>
	<General>
		<FileNum>2</FileNum>
		<Date>
			<Year>2009</Year>
			<Month>11</Month>
			<Day>26</Day>
		</Date>
		<Time>
			<Hour>13</Hour>
			<Min>17</Min>
			<Sec>31</Sec>
		</Time>
		<Creator>TrIDScan32 v1.56</Creator>
	</General>
	<FrontBlock>
		<Pattern>
			<Bytes>33446F6B7547616D65</Bytes>
			<ASCII> 3 D o k u G a m e</ASCII>
			<Pos>0</Pos>
		</Pattern>
	</FrontBlock>
</TrID>
