<TrID ver="1.15">
	<Info>
		<FileType>3DStudio Mesh</FileType>
		<Ext>3DS</Ext>
		<User>Marco Pontello</User>
		<E-Mail>marcopon@gmail.com</E-Mail>
	</Info>
	<General>
		<FileNum>45</FileNum>
		<Date>
			<Year>2003</Year>
			<Month>4</Month>
			<Day>29</Day>
		</Date>
		<Time>
			<Hour>22</Hour>
			<Min>28</Min>
			<Sec>15</Sec>
		</Time>
		<Creator>TrIDScan v0.33</Creator>
	</General>
	<FrontBlock>
		<Pattern>
			<Bytes>4D4D</Bytes>
			<Pos>0</Pos>
		</Pattern>
		<Pattern>
			<Bytes>0002000A000000030000003D3D</Bytes>
			<Pos>5</Pos>
		</Pattern>
		<Pattern>
			<Bytes>00</Bytes>
			<Pos>21</Pos>
		</Pattern>
		<Pattern>
			<Bytes>0A000000</Bytes>
			<Pos>24</Pos>
		</Pattern>
		<Pattern>
			<Bytes>000000</Bytes>
			<Pos>29</Pos>
		</Pattern>
		<Pattern>
			<Bytes>000000</Bytes>
			<Pos>36</Pos>
		</Pattern>
	</FrontBlock>
</TrID>
