<TrID ver="2.00">
	<Info>
		<FileType>GoDot 4-bit graphics bitmap</FileType>
		<Ext>4BT</Ext>
		<ExtraInfo>
			<Rem></Rem>
			<RefURL>http://www.godot64.de/german/welcome.htm</RefURL>
		</ExtraInfo>
		<User>Marco Pontello</User>
		<E-Mail>marcopon@gmail.com</E-Mail>
		<Home>http://mark0.net</Home>
	</Info>
	<General>
		<FileNum>3</FileNum>
		<Date>
			<Year>2010</Year>
			<Month>12</Month>
			<Day>30</Day>
		</Date>
		<Time>
			<Hour>18</Hour>
			<Min>13</Min>
			<Sec>07</Sec>
		</Time>
		<Creator>TrIDScan32 v1.56</Creator>
	</General>
	<FrontBlock>
		<Pattern>
			<Bytes>474F4430</Bytes>
			<ASCII> G O D 0</ASCII>
			<Pos>0</Pos>
		</Pattern>
	</FrontBlock>
</TrID>
