<TrID ver="2.00">
	<Info>
		<FileType>5View capture</FileType>
		<Ext>5VW</Ext>
		<ExtraInfo>
			<Rem></Rem>
			<RefURL>http://www.infovista.com/</RefURL>
		</ExtraInfo>
		<User>Marco Pontello</User>
		<E-Mail>marcopon@gmail.com</E-Mail>
		<Home>http://mark0.net</Home>
	</Info>
	<General>
		<FileNum>5</FileNum>
		<Date>
			<Year>2011</Year>
			<Month>3</Month>
			<Day>11</Day>
		</Date>
		<Time>
			<Hour>15</Hour>
			<Min>7</Min>
			<Sec>56</Sec>
		</Time>
		<Creator>TrIDScan/Py v1.79.11b</Creator>
	</General>
	<FrontBlock>
		<Pattern>
			<Bytes>AAAAAAAA</Bytes>
			<Pos>0</Pos>
		</Pattern>
	</FrontBlock>
</TrID>