<TrID ver="1.18">
    <Info>
        <FileType>T602 document</FileType>
        <Ext>602</Ext>
        <ExtraInfo>
            <Rem></Rem>
            <RefURL>http://www.volny.cz/brozm/t602vw/index_en.html</RefURL>
        </ExtraInfo>
        <User>Marco Pontello</User>
        <E-Mail>marcopon@gmail.com</E-Mail>
        <Home>http://mark0.net</Home>
    </Info>
    <General>
        <FileNum>2</FileNum>
        <Date>
            <Year>2003</Year>
            <Month>07</Month>
            <Day>28</Day>
        </Date>
        <Time>
            <Hour>13</Hour>
            <Min>49</Min>
            <Sec>34</Sec>
        </Time>
        <Creator>TrIDScan32 v1.02.6b</Creator>
    </General>
    <FrontBlock>
        <Pattern>
            <Bytes>40435420</Bytes>
            <ASCII> @ C T</ASCII>
            <Pos>0</Pos>
        </Pattern>
    </FrontBlock>
</TrID>
