<TrID ver="2.00">
	<Info>
		<FileType>Unpackaged Authorware 3 for Windows file</FileType>
		<Ext>A3W</Ext>
		<ExtraInfo>
			<Rem></Rem>
			<RefURL>http://en.wikipedia.org/wiki/Authorware</RefURL>
		</ExtraInfo>
		<User>Marco Pontello</User>
		<E-Mail>marcopon@gmail.com</E-Mail>
		<Home>http://mark0.net</Home>	</Info>
	<General>
		<FileNum>6</FileNum>
		<CheckStrings>True</CheckStrings>
		<Date>
			<Year>2006</Year>
			<Month>06</Month>
			<Day>10</Day>
		</Date>
		<Time>
			<Hour>01</Hour>
			<Min>19</Min>
			<Sec>49</Sec>
		</Time>
		<Creator>TrIDScan32 v1.56</Creator>
	</General>
	<FrontBlock>
		<Pattern>
			<Bytes>57435253A8BCADAC</Bytes>
			<ASCII> W C R S</ASCII>
			<Pos>0</Pos>
		</Pattern>
	</FrontBlock>
	<GlobalStrings>
		<String>PIG'WIN'001</String>
		<String>SYSTEM</String>
		<String>RETURN</String>
	</GlobalStrings>
</TrID>
