<TrID ver="2.00">
	<Info>
		<FileType>Authorware Packaged file (w/o runtime)</FileType>
		<Ext>A4P/A5P</Ext>
		<ExtraInfo>
			<Rem></Rem>
			<RefURL>http://en.wikipedia.org/wiki/Authorware</RefURL>
		</ExtraInfo>
		<User>Marco Pontello</User>
		<E-Mail>marcopon@gmail.com</E-Mail>
		<Home>http://mark0.net</Home>
	</Info>
	<General>
		<FileNum>17</FileNum>
		<Refine>8 by Marco Pontello</Refine>
		<Date>
			<Year>2010</Year>
			<Month>04</Month>
			<Day>04</Day>
		</Date>
		<Time>
			<Hour>01</Hour>
			<Min>17</Min>
			<Sec>42</Sec>
		</Time>
		<Creator>TrIDScan32 v1.56</Creator>
	</General>
	<FrontBlock>
		<Pattern>
			<Bytes>41435253BEBCADAC16</Bytes>
			<ASCII> A C R S</ASCII>
			<Pos>0</Pos>
		</Pattern>
	</FrontBlock>
</TrID>
