<TrID ver="2.00">
	<Info>
		<FileType>Authorware Packaged file (with runtime)</FileType>
		<Ext>A4R/A5R</Ext>
		<ExtraInfo>
			<Rem></Rem>
			<RefURL>http://www.adobe.com/products/authorware/</RefURL>
		</ExtraInfo>
		<User>Marco Pontello</User>
		<E-Mail>marcopon@gmail.com</E-Mail>
		<Home>http://mark0.net</Home>
	</Info>
	<General>
		<FileNum>11</FileNum>
		<Refine>8 by Marco Pontello</Refine>
		<Date>
			<Year>2010</Year>
			<Month>04</Month>
			<Day>04</Day>
		</Date>
		<Time>
			<Hour>01</Hour>
			<Min>15</Min>
			<Sec>18</Sec>
		</Time>
		<Creator>TrIDScan32 v1.56</Creator>
	</General>
	<FrontBlock>
		<Pattern>
			<Bytes>50435253</Bytes>
			<ASCII> P C R S</ASCII>
			<Pos>0</Pos>
		</Pattern>
	</FrontBlock>
</TrID>
