<TrID ver="1.15">
    <Info>
        <FileType>Adobe PhotoShop Brush</FileType>
        <Ext>ABR</Ext>
        <User>Marco Pontello</User>
        <E-Mail>marcopon@gmail.com</E-Mail>
        <Home>http://mark0.net</Home>
    </Info>
    <General>
        <FileNum>15</FileNum>
        <Date>
            <Year>2003</Year>
            <Month>06</Month>
            <Day>30</Day>
        </Date>
        <Time>
            <Hour>19</Hour>
            <Min>59</Min>
            <Sec>45</Sec>
        </Time>
        <Creator>TrIDScan32 v0.54.4b</Creator>
    </General>
    <FrontBlock>
        <Pattern>
            <Bytes>00</Bytes>
            <Pos>0</Pos>
        </Pattern>
        <Pattern>
            <Bytes>00</Bytes>
            <Pos>2</Pos>
        </Pattern>
        <Pattern>
            <Bytes>00</Bytes>
            <Pos>12</Pos>
        </Pattern>
    </FrontBlock>
</TrID>
