<TrID ver="2.00">
	<Info>
		<FileType>AC3D geometry/model</FileType>
		<Ext>AC</Ext>
		<ExtraInfo>
			<Rem></Rem>
			<RefURL>http://www.ac3d.org/pages/resources</RefURL>
		</ExtraInfo>
		<User>Marco Pontello</User>
		<E-Mail>marcopon@gmail.com</E-Mail>
		<Home>http://mark0.net</Home>
	</Info>
	<General>
		<FileNum>22</FileNum>
		<Refine>10 by Marco Pontello</Refine>
		<CheckStrings>True</CheckStrings>
		<Date>
			<Year>2005</Year>
			<Month>11</Month>
			<Day>16</Day>
		</Date>
		<Time>
			<Hour>13</Hour>
			<Min>02</Min>
			<Sec>13</Sec>
		</Time>
		<Creator>TrIDScan32 v1.56</Creator>
	</General>
	<FrontBlock>
		<Pattern>
			<Bytes>41433344</Bytes>
			<ASCII> A C 3 D</ASCII>
			<Pos>0</Pos>
		</Pattern>
	</FrontBlock>
	<GlobalStrings>
		<String>MATERIAL</String>
		<String>OBJECT</String>
		<String>TRANS</String>
		<String>AC3D</String>
		<String>POLY</String>
		<String>SURF</String>
	</GlobalStrings>
</TrID>
