<TrID ver="2.00">
	<Info>
		<FileType>AC3D model</FileType>
		<Ext>AC3D</Ext>
		<ExtraInfo>
			<Rem></Rem>
			<RefURL>http://www.inivis.com/</RefURL>
		</ExtraInfo>
		<User>Marco Pontello</User>
		<E-Mail>marcopon@gmail.com</E-Mail>
		<Home>http://mark0.net</Home>
	</Info>
	<General>
		<FileNum>3</FileNum>
		<Date>
			<Year>2011</Year>
			<Month>6</Month>
			<Day>13</Day>
		</Date>
		<Time>
			<Hour>2</Hour>
			<Min>50</Min>
			<Sec>15</Sec>
		</Time>
		<Creator>TrIDScan/Py v1.79.11b</Creator>
	</General>
	<FrontBlock>
		<Pattern>
			<Bytes>41433344</Bytes>
			<ASCII> A C 3 D</ASCII>
			<Pos>0</Pos>
		</Pattern>
	</FrontBlock>
</TrID>