<TrID ver="2.00">
	<Info>
		<FileType>Sonic Foundry Acid music</FileType>
		<Ext>ACD</Ext>
		<ExtraInfo>
			<Rem></Rem>
			<RefURL>http://www.sonymediasoftware.com/Default.asp</RefURL>
		</ExtraInfo>
		<User>Marco Pontello</User>
		<E-Mail>marcopon@gmail.com</E-Mail>
		<Home>http://mark0.net</Home>
	</Info>
	<General>
		<FileNum>8</FileNum>
		<Refine>3 by Marco Pontello</Refine>
		<CheckStrings>True</CheckStrings>
		<Date>
			<Year>2011</Year>
			<Month>4</Month>
			<Day>5</Day>
		</Date>
		<Time>
			<Hour>2</Hour>
			<Min>1</Min>
			<Sec>32</Sec>
		</Time>
		<Creator>TrIDScan/Py v1.79.11b</Creator>
	</General>
	<FrontBlock>
		<Pattern>
			<Bytes>72696666</Bytes>
			<ASCII> r i f f</ASCII>
			<Pos>0</Pos>
		</Pattern>
	</FrontBlock>
	<GlobalStrings>
		<String>M'A'D'E' 'W'I'T'H' 'S'O'N</String>
		<String>M'A'S'T'E'R</String>
		<String>.'A'C'D</String>
		<String>A'C'I'D</String>
		<String>BLIST</String>
		<String>RIFF.</String>
		<String>IART</String>
		<String>ICMT</String>
		<String>ICOP</String>
		<String>IENG</String>
		<String>INAM</String>
	</GlobalStrings>
</TrID>