<TrID ver="2.00">
	<Info>
		<FileType>ALAN game</FileType>
		<Ext>ACD</Ext>
		<ExtraInfo>
			<Rem>ALAN stand for Adventure Language</Rem>
			<RefURL>http://www.welcome.to/alan-if</RefURL>
		</ExtraInfo>
		<User>Marco Pontello</User>
		<E-Mail>marcopon@gmail.com</E-Mail>
		<Home>http://mark0.net</Home>
	</Info>
	<General>
		<FileNum>11</FileNum>
		<CheckStrings>True</CheckStrings>
		<Date>
			<Year>2004</Year>
			<Month>05</Month>
			<Day>30</Day>
		</Date>
		<Time>
			<Hour>03</Hour>
			<Min>19</Min>
			<Sec>53</Sec>
		</Time>
		<Creator>TrIDScan32 v1.55</Creator>
	</General>
	<FrontBlock>
		<Pattern>
			<Bytes>02</Bytes>
			<Pos>0</Pos>
		</Pattern>
		<Pattern>
			<Bytes>0000</Bytes>
			<Pos>4</Pos>
		</Pattern>
		<Pattern>
			<Bytes>000000</Bytes>
			<Pos>8</Pos>
		</Pattern>
		<Pattern>
			<Bytes>000000180000004B000000</Bytes>
			<ASCII> . . . . . . . K</ASCII>
			<Pos>12</Pos>
		</Pattern>
		<Pattern>
			<Bytes>0000</Bytes>
			<Pos>24</Pos>
		</Pattern>
		<Pattern>
			<Bytes>0000000000000000000000000000</Bytes>
			<Pos>28</Pos>
		</Pattern>
	</FrontBlock>
	<GlobalStrings>
		<String>ABOUT</String>
		<String>ATTACK</String>
		<String>CARD</String>
		<String>CLIMB</String>
		<String>CLOSE</String>
		<String>DOWN</String>
		<String>DRINK</String>
		<String>DROP</String>
		<String>EVERYTHING</String>
		<String>EXAMINE</String>
		<String>EXCEPT</String>
		<String>FIGHT</String>
		<String>INVENTORY</String>
		<String>KILL</String>
		<String>LISTEN</String>
		<String>LOOK</String>
		<String>NORTHWEST</String>
		<String>QUIT</String>
		<String>READ</String>
		<String>REMOVE</String>
		<String>RESTART</String>
		<String>RESTORE</String>
		<String>SAVE</String>
		<String>SCORE</String>
		<String>SEARCH</String>
		<String>SMELL</String>
		<String>SOUTHEAST</String>
		<String>SOUTHWEST</String>
		<String>WITH</String>
	</GlobalStrings>
</TrID>
