<TrID ver="2.00">
	<Info>
		<FileType>Jupiter Ace snapshot</FileType>
		<Ext>ACE</Ext>
		<ExtraInfo>
			<Rem></Rem>
			<RefURL>http://www.jupiter-ace.co.uk/ace32.html</RefURL>
		</ExtraInfo>
		<User>Marco Pontello</User>
		<E-Mail>marcopon@gmail.com</E-Mail>
		<Home>http://mark0.net</Home>
	</Info>
	<General>
		<FileNum>6</FileNum>
		<Date>
			<Year>2004</Year>
			<Month>07</Month>
			<Day>10</Day>
		</Date>
		<Time>
			<Hour>13</Hour>
			<Min>28</Min>
			<Sec>19</Sec>
		</Time>
		<Creator>TrIDScan32 v1.55</Creator>
	</General>
	<FrontBlock>
		<Pattern>
			<Bytes>0180ED7F0080ED0A0003ED0300</Bytes>
			<Pos>0</Pos>
		</Pattern>
	</FrontBlock>
</TrID>
