<TrID ver="2.00">
	<Info>
		<FileType>ArCon project</FileType>
		<Ext>ACP</Ext>
		<ExtraInfo>
			<Rem></Rem>
			<RefURL>https://www.arcon-shop.com/</RefURL>
		</ExtraInfo>
		<User>Marco Pontello</User>
		<E-Mail>marcopon@gmail.com</E-Mail>
		<Home>http://mark0.net</Home>	</Info>
	<General>
		<FileNum>4</FileNum>
		<Date>
			<Year>2007</Year>
			<Month>09</Month>
			<Day>24</Day>
		</Date>
		<Time>
			<Hour>01</Hour>
			<Min>11</Min>
			<Sec>39</Sec>
		</Time>
		<Creator>TrIDScan32 v1.56</Creator>
	</General>
	<FrontBlock>
		<Pattern>
			<Bytes>4172436F6E202D2050726F6A656B74</Bytes>
			<ASCII> A r C o n   -   P r o j e k t</ASCII>
			<Pos>0</Pos>
		</Pattern>
	</FrontBlock>
</TrID>
