<TrID ver="2.00">
	<Info>
		<FileType>ActiveMARK-protected archive</FileType>
		<Ext></Ext>
		<ExtraInfo>
			<Rem>ActiveMARK is Trymedia's proprietary technology suite for secure digital distribution.</Rem>
			<RefURL>http://en.wikipedia.org/wiki/Trymedia</RefURL>
		</ExtraInfo>
		<User>Marco Pontello</User>
		<E-Mail>marcopon@gmail.com</E-Mail>
		<Home>http://mark0.net</Home>	</Info>
	<General>
		<FileNum>4</FileNum>
		<Date>
			<Year>2007</Year>
			<Month>12</Month>
			<Day>15</Day>
		</Date>
		<Time>
			<Hour>13</Hour>
			<Min>52</Min>
			<Sec>13</Sec>
		</Time>
		<Creator>TrIDScan32 v1.56</Creator>
	</General>
	<FrontBlock>
		<Pattern>
			<Bytes>00544D53414D564F48</Bytes>
			<ASCII> . T M S A M V O H</ASCII>
			<Pos>0</Pos>
		</Pattern>
	</FrontBlock>
</TrID>
