<TrID ver="2.00">
	<Info>
		<FileType>AcuCorp AcuCOBOL license</FileType>
		<Ext>ALC/VLC</Ext>
		<ExtraInfo>
			<Rem></Rem>
			<RefURL>http://www.acucorp.com/</RefURL>
		</ExtraInfo>
		<User>Marco Pontello</User>
		<E-Mail>marcopon@gmail.com</E-Mail>
		<Home>http://mark0.net</Home>
	</Info>
	<General>
		<FileNum>7</FileNum>
		<Date>
			<Year>2005</Year>
			<Month>05</Month>
			<Day>30</Day>
		</Date>
		<Time>
			<Hour>10</Hour>
			<Min>45</Min>
			<Sec>00</Sec>
		</Time>
		<Creator>TrIDScan32 v1.56</Creator>
	</General>
	<FrontBlock>
		<Pattern>
			<Bytes>232020414355434F424F4C206C6963656E73652066696C65</Bytes>
			<ASCII> # 		A C U C O B O L 	l i c e n s e 	f i l e</ASCII>
			<Pos>0</Pos>
		</Pattern>
	</FrontBlock>
</TrID>
