<TrID ver="2.00">
	<Info>
		<FileType>Amateur Data Interchange Format</FileType>
		<Ext>ADI/ADIF</Ext>
		<ExtraInfo>
			<Rem></Rem>
			<RefURL>http://www.hosenose.com/adif/adif.html</RefURL>
		</ExtraInfo>
		<User>Marco Pontello</User>
		<E-Mail>marcopon@gmail.com</E-Mail>
		<Home>http://mark0.net</Home>	</Info>
	<General>
		<FileNum>13</FileNum>
		<Refine>2 by Marco Pontello</Refine>
		<CheckStrings>True</CheckStrings>
		<Date>
			<Year>2007</Year>
			<Month>07</Month>
			<Day>13</Day>
		</Date>
		<Time>
			<Hour>16</Hour>
			<Min>36</Min>
			<Sec>06</Sec>
		</Time>
		<Creator>TrIDScan32 v1.56</Creator>
	</General>
	<FrontBlock>
		<Pattern>
			<Bytes>4144494620</Bytes>
			<ASCII> A D I F</ASCII>
			<Pos>0</Pos>
		</Pattern>
	</FrontBlock>
	<GlobalStrings>
		<String>QSO_DATE</String>
		<String>TIME_ON</String>
		<String>EXPORT</String>
		<String>ADIF</String>
		<String>CALL</String>
		<String>MODE</String>
	</GlobalStrings>
</TrID>
