<TrID ver="2.00">
	<Info>
		<FileType>iPer Advanced Embedded Hypertext</FileType>
		<Ext>AEH</Ext>
		<ExtraInfo>
			<Rem></Rem>
			<RefURL>http://visualvision.com/</RefURL>
		</ExtraInfo>
		<User>Marco Pontello</User>
		<E-Mail>marcopon@gmail.com</E-Mail>
		<Home>http://mark0.net</Home>
	</Info>
	<General>
		<FileNum>24</FileNum>
		<CheckStrings>True</CheckStrings>
		<Date>
			<Year>2003</Year>
			<Month>11</Month>
			<Day>19</Day>
		</Date>
		<Time>
			<Hour>11</Hour>
			<Min>32</Min>
			<Sec>01</Sec>
		</Time>
		<Creator>TrIDScan32 v1.50</Creator>
	</General>
	<FrontBlock>
		<Pattern>
			<Bytes>414C444F</Bytes>
			<ASCII> A L D O</ASCII>
			<Pos>0</Pos>
		</Pattern>
	</FrontBlock>
</TrID>
