<TrID ver="2.00">
	<Info>
		<FileType>Abyss Engine Image format</FileType>
		<Ext>AEI</Ext>
		<ExtraInfo>
			<Rem></Rem>
			<RefURL></RefURL>
		</ExtraInfo>
		<User>Marco Pontello</User>
		<E-Mail>marcopon@gmail.com</E-Mail>
		<Home>http://mark0.net</Home>
	</Info>
	<General>
		<FileNum>2</FileNum>
		<Date>
			<Year>2012</Year>
			<Month>10</Month>
			<Day>22</Day>
		</Date>
		<Time>
			<Hour>16</Hour>
			<Min>29</Min>
			<Sec>49</Sec>
		</Time>
		<Creator>TrIDScan/Py v1.80</Creator>
	</General>
	<FrontBlock>
		<Pattern>
			<Bytes>4145696D616765</Bytes>
			<ASCII> A E i m a g e</ASCII>
			<Pos>0</Pos>
		</Pattern>
	</FrontBlock>
</TrID>