<TrID ver="2.00">
	<Info>
		<FileType>Aero Studio song</FileType>
		<Ext>AERO</Ext>
		<ExtraInfo>
			<Rem></Rem>
			<RefURL>http://www.ioneo.com/as_intro.asp</RefURL>
		</ExtraInfo>
		<User>Marco Pontello</User>
		<E-Mail>marcopon@gmail.com</E-Mail>
		<Home>http://mark0.net</Home>
	</Info>
	<General>
		<FileNum>16</FileNum>
		<Date>
			<Year>2011</Year>
			<Month>2</Month>
			<Day>13</Day>
		</Date>
		<Time>
			<Hour>3</Hour>
			<Min>59</Min>
			<Sec>24</Sec>
		</Time>
		<Creator>TrIDScan/Py v1.79.10b</Creator>
	</General>
	<FrontBlock>
		<Pattern>
			<Bytes>4145524F00000001</Bytes>
			<ASCII> A E R O</ASCII>
			<Pos>0</Pos>
		</Pattern>
	</FrontBlock>
</TrID>