<TrID ver="2.00">
	<Info>
		<FileType>AGEMA File Format</FileType>
		<Ext>AFF</Ext>
		<ExtraInfo>
			<Rem>File format used by some AGEMA thermal cam. AGEMA was later aquired by FLIR Systems.</Rem>
			<RefURL>http://en.wikipedia.org/wiki/FLIR_Systems</RefURL>
		</ExtraInfo>
		<User>Marco Pontello</User>
		<E-Mail>marcopon@gmail.com</E-Mail>
		<Home>http://mark0.net</Home>	</Info>
	<General>
		<FileNum>2</FileNum>
		<Date>
			<Year>2008</Year>
			<Month>03</Month>
			<Day>12</Day>
		</Date>
		<Time>
			<Hour>02</Hour>
			<Min>46</Min>
			<Sec>57</Sec>
		</Time>
		<Creator>TrIDScan32 v1.56</Creator>
	</General>
	<FrontBlock>
		<Pattern>
			<Bytes>414646004147454D41</Bytes>
			<ASCII> A F F . A G E M A</ASCII>
			<Pos>0</Pos>
		</Pattern>
	</FrontBlock>
</TrID>
