<TrID ver="2.00">
	<Info>
		<FileType>Applixware Graphic</FileType>
		<Ext>AG</Ext>
		<ExtraInfo>
			<Rem></Rem>
			<RefURL>http://www.applix.com/</RefURL>
		</ExtraInfo>
		<User>Marco Pontello</User>
		<E-Mail>marcopon@gmail.com</E-Mail>
		<Home>http://mark0.net</Home>	</Info>
	<General>
		<FileNum>9</FileNum>
		<Date>
			<Year>2007</Year>
			<Month>07</Month>
			<Day>26</Day>
		</Date>
		<Time>
			<Hour>17</Hour>
			<Min>30</Min>
			<Sec>54</Sec>
		</Time>
		<Creator>TrIDScan32 v1.56</Creator>
	</General>
	<FrontBlock>
		<Pattern>
			<Bytes>2A424547494E2047524150484943532056455253494F4E3D</Bytes>
			<ASCII> * B E G I N   G R A P H I C S	V E R S I O N =</ASCII>
			<Pos>0</Pos>
		</Pattern>
	</FrontBlock>
</TrID>
