<TrID ver="1.18">
    <Info>
        <FileType>Psion Serie 3 Agenda</FileType>
        <Ext>AGN</Ext>
        <ExtraInfo>
            <Rem></Rem>
            <RefURL></RefURL>
        </ExtraInfo>
        <User>Marco Pontello</User>
        <E-Mail>marcopon@gmail.com</E-Mail>
        <Home>http://mark0.net</Home>
    </Info>
    <General>
        <FileNum>6</FileNum>
        <Date>
            <Year>2003</Year>
            <Month>07</Month>
            <Day>31</Day>
        </Date>
        <Time>
            <Hour>13</Hour>
            <Min>54</Min>
            <Sec>31</Sec>
        </Time>
        <Creator>TrIDScan32 v1.02.6b</Creator>
    </General>
    <FrontBlock>
        <Pattern>
            <Bytes>4167656E646146696C65547970652A00</Bytes>
            <ASCII> A g e n d a F i l e T y p e *</ASCII>
            <Pos>0</Pos>
        </Pattern>
    </FrontBlock>
</TrID>
