<TrID ver="2.00">
	<Info>
		<FileType>Adventure Game Studio saved game</FileType>
		<Ext></Ext>
		<ExtraInfo>
			<Rem></Rem>
			<RefURL>http://www.adventuregamestudio.co.uk/</RefURL>
		</ExtraInfo>
		<User>Marco Pontello</User>
		<E-Mail>marcopon@gmail.com</E-Mail>
		<Home>http://mark0.net</Home>
	</Info>
	<General>
		<FileNum>2</FileNum>
		<Date>
			<Year>2010</Year>
			<Month>01</Month>
			<Day>25</Day>
		</Date>
		<Time>
			<Hour>20</Hour>
			<Min>00</Min>
			<Sec>58</Sec>
		</Time>
		<Creator>TrIDScan32 v1.56</Creator>
	</General>
	<FrontBlock>
		<Pattern>
			<Bytes>416476656E747572652047616D652053747564696F2073617665642067616D65</Bytes>
			<ASCII> A d v e n t u r e   G a m e   S t u d i o   s a v e d   g a m e</ASCII>
			<Pos>0</Pos>
		</Pattern>
	</FrontBlock>
</TrID>
