<TrID ver="2.00">
	<Info>
		<FileType>RealFlight Radio Control Flying Site - Airport</FileType>
		<Ext>AIRPORTS</Ext>
		<ExtraInfo>
			<Rem></Rem>
			<RefURL>http://www.realflight.com/</RefURL>
		</ExtraInfo>
		<User>Marco Pontello</User>
		<E-Mail>marcopon@gmail.com</E-Mail>
		<Home>http://mark0.net</Home>	</Info>
	<General>
		<FileNum>2</FileNum>
		<Date>
			<Year>2007</Year>
			<Month>04</Month>
			<Day>20</Day>
		</Date>
		<Time>
			<Hour>18</Hour>
			<Min>36</Min>
			<Sec>37</Sec>
		</Time>
		<Creator>TrIDScan32 v1.56</Creator>
	</General>
	<FrontBlock>
		<Pattern>
			<Bytes>41505400</Bytes>
			<ASCII> A P T</ASCII>
			<Pos>0</Pos>
		</Pattern>
	</FrontBlock>
</TrID>
