<TrID ver="2.00">
	<Info>
		<FileType>Seattle FilmWorks / PhotoWorks photo album</FileType>
		<Ext>ALB</Ext>
		<ExtraInfo>
			<Rem>Album created with Seattle FilmWorks (aka PhotoWorks) PhotoWorks desktop software.</Rem>
			<RefURL>http://jonesrh.info/sfw/</RefURL>
		</ExtraInfo>
		<User>Richard H. Jones</User>
		<E-Mail>sfwwhichfmt@jonesrh-without-spam.info</E-Mail>
		<Home>http://jonesrh.info/sfw/</Home>
	</Info>
	<General>
		<FileNum>77</FileNum>
		<Date>
			<Year>2013</Year>
			<Month>02</Month>
			<Day>02</Day>
		</Date>
		<Time>
			<Hour>20</Hour>
			<Min>45</Min>
			<Sec>00</Sec>
		</Time>
		<Creator>Richard H. Jones</Creator>
	</General>
	<FrontBlock>
		<Pattern>
			<Bytes>5346575F414C42</Bytes>
			<ASCII> S F W _ A L B</ASCII>
			<Pos>0</Pos>
		</Pattern>
	</FrontBlock>
</TrID>
