<TrID ver="2.00">
	<Info>
		<FileType>Amusic tracker (packed) song/module</FileType>
		<Ext>AMD</Ext>
		<ExtraInfo>
			<Rem></Rem>
			<RefURL>http://sorry.vse.cz/~roman/dimension/rdos/rdosplay/</RefURL>
		</ExtraInfo>
		<User>Marco Pontello</User>
		<E-Mail>marcopon@gmail.com</E-Mail>
		<Home>http://mark0.net</Home>
	</Info>
	<General>
		<FileNum>114</FileNum>
		<Refine>64 by Marco Pontello</Refine>
		<Date>
			<Year>2013</Year>
			<Month>9</Month>
			<Day>20</Day>
		</Date>
		<Time>
			<Hour>18</Hour>
			<Min>21</Min>
			<Sec>6</Sec>
		</Time>
		<Creator>TrIDScan/Py v1.90</Creator>
	</General>
	<FrontBlock>
		<Pattern>
			<Bytes>00</Bytes>
			<Pos>23</Pos>
		</Pattern>
		<Pattern>
			<Bytes>00</Bytes>
			<Pos>47</Pos>
		</Pattern>
		<Pattern>
			<Bytes>FFFFFF</Bytes>
			<Pos>68</Pos>
		</Pattern>
		<Pattern>
			<Bytes>FFFFFF</Bytes>
			<Pos>102</Pos>
		</Pattern>
		<Pattern>
			<Bytes>FFFFFF</Bytes>
			<Pos>136</Pos>
		</Pattern>
		<Pattern>
			<Bytes>FFFFFF</Bytes>
			<Pos>170</Pos>
		</Pattern>
		<Pattern>
			<Bytes>FFFFFF</Bytes>
			<Pos>204</Pos>
		</Pattern>
		<Pattern>
			<Bytes>FFFFFF</Bytes>
			<Pos>238</Pos>
		</Pattern>
		<Pattern>
			<Bytes>FFFFFF</Bytes>
			<Pos>272</Pos>
		</Pattern>
		<Pattern>
			<Bytes>FFFFFF</Bytes>
			<Pos>306</Pos>
		</Pattern>
		<Pattern>
			<Bytes>FFFFFF</Bytes>
			<Pos>340</Pos>
		</Pattern>
		<Pattern>
			<Bytes>FFFFFF</Bytes>
			<Pos>374</Pos>
		</Pattern>
		<Pattern>
			<Bytes>FFFFFF</Bytes>
			<Pos>408</Pos>
		</Pattern>
		<Pattern>
			<Bytes>FFFFFF</Bytes>
			<Pos>442</Pos>
		</Pattern>
		<Pattern>
			<Bytes>FFFFFF</Bytes>
			<Pos>476</Pos>
		</Pattern>
		<Pattern>
			<Bytes>FFFFFF</Bytes>
			<Pos>510</Pos>
		</Pattern>
		<Pattern>
			<Bytes>FFFFFF</Bytes>
			<Pos>544</Pos>
		</Pattern>
		<Pattern>
			<Bytes>FFFFFF</Bytes>
			<Pos>578</Pos>
		</Pattern>
		<Pattern>
			<Bytes>FFFFFF</Bytes>
			<Pos>612</Pos>
		</Pattern>
		<Pattern>
			<Bytes>FFFFFF</Bytes>
			<Pos>646</Pos>
		</Pattern>
		<Pattern>
			<Bytes>FFFFFF</Bytes>
			<Pos>680</Pos>
		</Pattern>
		<Pattern>
			<Bytes>FF</Bytes>
			<Pos>711</Pos>
		</Pattern>
		<Pattern>
			<Bytes>FFFFFFFF</Bytes>
			<Pos>713</Pos>
		</Pattern>
		<Pattern>
			<Bytes>FFFFFF</Bytes>
			<Pos>748</Pos>
		</Pattern>
		<Pattern>
			<Bytes>FFFFFF</Bytes>
			<Pos>782</Pos>
		</Pattern>
		<Pattern>
			<Bytes>FFFFFF</Bytes>
			<Pos>816</Pos>
		</Pattern>
		<Pattern>
			<Bytes>FFFFFFFF00</Bytes>
			<Pos>849</Pos>
		</Pattern>
		<Pattern>
			<Bytes>00</Bytes>
			<Pos>858</Pos>
		</Pattern>
		<Pattern>
			<Bytes>FFFFFF</Bytes>
			<Pos>884</Pos>
		</Pattern>
		<Pattern>
			<Bytes>00</Bytes>
			<Pos>891</Pos>
		</Pattern>
		<Pattern>
			<Bytes>00</Bytes>
			<Pos>930</Pos>
		</Pattern>
		<Pattern>
			<Bytes>00000000000000000000000000000000000000000000000000000000000000000000000000000000000000000000000000000000000000000000000000000000000000003C6FEF5155EE526F52</Bytes>
			<ASCII> . . . . . . . . . . . . . . . . . . . . . . . . . . . . . . . . . . . . . . . . . . . . . . . . . . . . . . . . . . . . . . . . . . . . . o . Q U . R o R</ASCII>
			<Pos>994</Pos>
		</Pattern>
	</FrontBlock>
</TrID>