<TrID ver="2.00">
	<Info>
		<FileType>Morpheus layout - project</FileType>
		<Ext>AML</Ext>
		<ExtraInfo>
			<Rem></Rem>
			<RefURL>http://www.morpheussoftware.net</RefURL>
		</ExtraInfo>
		<User>Marco Pontello</User>
		<E-Mail>marcopon@gmail.com</E-Mail>
		<Home>http://mark0.net</Home>	</Info>
	<General>
		<FileNum>2</FileNum>
		<CheckStrings>True</CheckStrings>
		<Date>
			<Year>2007</Year>
			<Month>08</Month>
			<Day>05</Day>
		</Date>
		<Time>
			<Hour>21</Hour>
			<Min>59</Min>
			<Sec>05</Sec>
		</Time>
		<Creator>TrIDScan32 v1.56</Creator>
	</General>
	<FrontBlock>
		<Pattern>
			<Bytes>3C3F786D6C20</Bytes>
			<ASCII> . ? x m l</ASCII>
			<Pos>0</Pos>
		</Pattern>
	</FrontBlock>
	<GlobalStrings>
		<String>ARKS_MORPHEUS_LAYOUT</String>
		<String>XML VERSION</String>
		<String>MORPHS</String>
	</GlobalStrings>
</TrID>
