<TrID ver="2.00">
    <Info>
        <FileType>Velvet Studio Advanced Module System song/module</FileType>
        <Ext>AMS</Ext>
        <ExtraInfo>
            <Rem></Rem>
            <RefURL></RefURL>
        </ExtraInfo>
        <User>Marco Pontello</User>
        <E-Mail>marcopon@gmail.com</E-Mail>
        <Home>http://mark0.net</Home>
    </Info>
    <General>
        <FileNum>2</FileNum>
        <Date>
            <Year>2003</Year>
            <Month>11</Month>
            <Day>26</Day>
        </Date>
        <Time>
            <Hour>21</Hour>
            <Min>37</Min>
            <Sec>35</Sec>
        </Time>
        <Creator>TrIDScan32 v1.55</Creator>
    </General>
    <FrontBlock>
        <Pattern>
            <Bytes>414D536864721A</Bytes>
            <ASCII> A M S h d r</ASCII>
            <Pos>0</Pos>
        </Pattern>
    </FrontBlock>
</TrID>
