<TrID ver="2.00">
	<Info>
		<FileType>Ableton Max Patch</FileType>
		<Ext>AMXD</Ext>
		<ExtraInfo>
			<Rem></Rem>
			<RefURL>http://www.ableton.com/</RefURL>
		</ExtraInfo>
		<User>Marco Pontello</User>
		<E-Mail>marcopon@gmail.com</E-Mail>
		<Home>http://mark0.net</Home>
	</Info>
	<General>
		<FileNum>7</FileNum>
		<CheckStrings>True</CheckStrings>
		<Date>
			<Year>2011</Year>
			<Month>8</Month>
			<Day>12</Day>
		</Date>
		<Time>
			<Hour>2</Hour>
			<Min>30</Min>
			<Sec>22</Sec>
		</Time>
		<Creator>TrIDScan/Py v1.79.11b</Creator>
	</General>
	<FrontBlock>
		<Pattern>
			<Bytes>616D706604000000</Bytes>
			<ASCII> a m p f</ASCII>
			<Pos>0</Pos>
		</Pattern>
		<Pattern>
			<Bytes>6D65746104000000</Bytes>
			<ASCII> m e t a</ASCII>
			<Pos>12</Pos>
		</Pattern>
	</FrontBlock>
	<GlobalStrings>
		<String>OPENINPRESENTATION</String>
		<String>PRESENTATION_RECT</String>
		<String>DEFAULT_FONTFACE</String>
		<String>DEFAULT_FONTNAME</String>
		<String>DEFAULT_FONTSIZE</String>
		<String>BOXANIMATETIME</String>
		<String>GRIDSNAPONOPEN</String>
		<String>TOOLBARVISIBLE</String>
		<String>ENABLEHSCROLL</String>
		<String>ENABLEVSCROLL</String>
		<String>PATCHING_RECT</String>
		<String>DESTINATION</String>
		<String>DEVICEWIDTH</String>
		<String>FILEVERSION</String>
		<String>ARIAL BOLD</String>
		<String>GRIDONOPEN</String>
		<String>NUMOUTLETS</String>
		<String>OUTLETTYPE</String>
		<String>ATTRIBUTE</String>
		<String>MIDPOINTS</String>
		<String>NUMINLETS</String>
		<String>PATCHLINE</String>
		<String>BGLOCKED</String>
		<String>GRIDSIZE</String>
		<String>MAXCLASS</String>
		<String>OPENRECT</String>
		<String>COMMENT</String>
		<String>DEFRECT</String>
		<String>IMPRINT</String>
		<String>LATENCY</String>
		<String>MESSAGE</String>
		<String>PATCHER</String>
		<String>HIDDEN</String>
		<String>NEWOBJ</String>
		<String>SOURCE</String>
		<String>BOXES</String>
		<String>COLOR</String>
		<String>LINES</String>
		<String>RNAME</String>
		<String>_ATTR</String>
		<String>AMPF</String>
		<String>BANG</String>
		<String>LIVE</String>
		<String>LOAD</String>
		<String>META</String>
		<String>OBJ-</String>
		<String>PTCH</String>
		<String>SAVE</String>
		<String>TEXT</String>
		<String>THIS</String>
		<String>_LIN</String>
	</GlobalStrings>
</TrID>