<TrID ver="2.00">
	<Info>
		<FileType>Project Dogwaffle Animated Brush</FileType>
		<Ext>ANB</Ext>
		<ExtraInfo>
			<Rem>Project Dogwaffle is a paint and animation software.</Rem>
			<RefURL>http://www.thebest3d.com/dogwaffle</RefURL>
		</ExtraInfo>
		<User>Marco Pontello</User>
		<E-Mail>marcopon@gmail.com</E-Mail>
		<Home>http://mark0.net</Home>
	</Info>
	<General>
		<FileNum>9</FileNum>
		<Date>
			<Year>2005</Year>
			<Month>08</Month>
			<Day>13</Day>
		</Date>
		<Time>
			<Hour>13</Hour>
			<Min>08</Min>
			<Sec>17</Sec>
		</Time>
		<Creator>TrIDScan32 v1.56</Creator>
	</General>
	<FrontBlock>
		<Pattern>
			<Bytes>414E4252</Bytes>
			<ASCII> A N B R</ASCII>
			<Pos>0</Pos>
		</Pattern>
		<Pattern>
			<Bytes>0000</Bytes>
			<Pos>6</Pos>
		</Pattern>
		<Pattern>
			<Bytes>0000</Bytes>
			<Pos>10</Pos>
		</Pattern>
		<Pattern>
			<Bytes>0000000100000000000000</Bytes>
			<Pos>13</Pos>
		</Pattern>
		<Pattern>
			<Bytes>0000000000000000000000</Bytes>
			<Pos>25</Pos>
		</Pattern>
	</FrontBlock>
</TrID>
