<TrID ver="2.00">
	<Info>
		<FileType>Eternity Engine Animation</FileType>
		<Ext>ANI</Ext>
		<ExtraInfo>
			<Rem></Rem>
			<RefURL></RefURL>
		</ExtraInfo>
		<User>Marco Pontello</User>
		<E-Mail>marcopon@gmail.com</E-Mail>
		<Home>http://mark0.net</Home>
	</Info>
	<General>
		<FileNum>2</FileNum>
		<Date>
			<Year>2012</Year>
			<Month>12</Month>
			<Day>23</Day>
		</Date>
		<Time>
			<Hour>14</Hour>
			<Min>54</Min>
			<Sec>12</Sec>
		</Time>
		<Creator>TrIDScan/Py v1.80</Creator>
	</General>
	<FrontBlock>
		<Pattern>
			<Bytes>457465726E69747920456E67696E6520416E692046696C6520</Bytes>
			<ASCII> E t e r n i t y   E n g i n e   A n i   F i l e</ASCII>
			<Pos>0</Pos>
		</Pattern>
		<Pattern>
			<Bytes>2E</Bytes>
			<Pos>26</Pos>
		</Pattern>
	</FrontBlock>
</TrID>