<TrID ver="1.16">
    <Info>
        <FileType>Atari NEOchrome animation</FileType>
        <Ext>ANI</Ext>
        <User>Marco Pontello</User>
        <E-Mail>marcopon@gmail.com</E-Mail>
        <Home>http://mark0.net</Home>
    </Info>
    <General>
        <FileNum>4</FileNum>
        <Date>
            <Year>2003</Year>
            <Month>07</Month>
            <Day>14</Day>
        </Date>
        <Time>
            <Hour>10</Hour>
            <Min>32</Min>
            <Sec>37</Sec>
        </Time>
        <Creator>TrIDScan32 v1.00.1</Creator>
    </General>
    <FrontBlock>
        <Pattern>
            <Bytes>BABEEBEA</Bytes>
            <Pos>0</Pos>
        </Pattern>
    </FrontBlock>
</TrID>
