<TrID ver="1.18">
    <Info>
        <FileType>Windows Animated Cursor</FileType>
        <Ext>ANI</Ext>
        <ExtraInfo>
            <Rem></Rem>
            <RefURL></RefURL>
        </ExtraInfo>
        <User>Marco Pontello</User>
        <E-Mail>marcopon@gmail.com</E-Mail>
        <Home>http://mark0.net</Home>
    </Info>
    <General>
        <FileNum>34</FileNum>
        <Date>
            <Year>2003</Year>
            <Month>07</Month>
            <Day>31</Day>
        </Date>
        <Time>
            <Hour>13</Hour>
            <Min>45</Min>
            <Sec>30</Sec>
        </Time>
        <Creator>TrIDScan32 v1.02.6b</Creator>
    </General>
    <FrontBlock>
        <Pattern>
            <Bytes>52494646</Bytes>
            <ASCII> R I F F</ASCII>
            <Pos>0</Pos>
        </Pattern>
        <Pattern>
            <Bytes>41434F4E</Bytes>
            <ASCII> A C O N</ASCII>
            <Pos>8</Pos>
        </Pattern>
    </FrontBlock>
</TrID>
