<TrID ver="2.00">
    <Info>
        <FileType>DeluxePaint Animation</FileType>
        <Ext>ANM</Ext>
        <ExtraInfo>
            <Rem></Rem>
            <RefURL></RefURL>
        </ExtraInfo>
        <User>Marco Pontello</User>
        <E-Mail>marcopon@gmail.com</E-Mail>
        <Home>http://mark0.net</Home>
    </Info>
    <General>
        <FileNum>10</FileNum>
        <Date>
            <Year>2003</Year>
            <Month>11</Month>
            <Day>11</Day>
        </Date>
        <Time>
            <Hour>01</Hour>
            <Min>35</Min>
            <Sec>03</Sec>
        </Time>
        <Creator>TrIDScan32 v1.40b</Creator>
    </General>
    <FrontBlock>
        <Pattern>
            <Bytes>4C5046200001</Bytes>
            <ASCII> L P F</ASCII>
            <Pos>0</Pos>
        </Pattern>
        <Pattern>
            <Bytes>00</Bytes>
            <Pos>7</Pos>
        </Pattern>
        <Pattern>
            <Bytes>00000000010005414E494D40</Bytes>
            <ASCII> . . . . . . . A N I M @</ASCII>
            <Pos>9</Pos>
        </Pattern>
    </FrontBlock>
</TrID>
