<TrID ver="2.00">
	<Info>
		<FileType>Adobe Edge Animate Template</FileType>
		<Ext>ANTMPL</Ext>
		<ExtraInfo>
			<Rem></Rem>
			<RefURL></RefURL>
		</ExtraInfo>
		<User>Marco Pontello</User>
		<E-Mail>marcopon@gmail.com</E-Mail>
		<Home>http://mark0.net</Home>
	</Info>
	<General>
		<FileNum>8</FileNum>
		<CheckStrings>True</CheckStrings>
		<Date>
			<Year>2013</Year>
			<Month>11</Month>
			<Day>1</Day>
		</Date>
		<Time>
			<Hour>2</Hour>
			<Min>38</Min>
			<Sec>32</Sec>
		</Time>
		<Creator>TrIDScan/Py v1.90</Creator>
	</General>
	<FrontBlock>
		<Pattern>
			<Bytes>504B0304</Bytes>
			<ASCII> P K</ASCII>
			<Pos>0</Pos>
		</Pattern>
	</FrontBlock>
	<GlobalStrings>
		<String>TEMPLATE-INFO.JSPK</String>
		<String>_EDGEACTIONS.JSPK</String>
		<String>_EDGEPRELOAD.JSPK</String>
		<String>EDGE_INCLUDES</String>
		<String>MANIFEST.JSPK</String>
		<String>THUMB.PNGPK</String>
		<String>_EDGE.JSPK</String>
		<String>.MIN.JSPK</String>
		<String>.HTMLPK</String>
		<String>JQUERY-</String>
	</GlobalStrings>
</TrID>