<TrID ver="2.00">
	<Info>
		<FileType>AOP data</FileType>
		<Ext>AOP</Ext>
		<ExtraInfo>
			<Rem></Rem>
			<RefURL>http://www.spincraftsoftware.com/AOPViewer.html</RefURL>
		</ExtraInfo>
		<User>Marco Pontello</User>
		<E-Mail>marcopon@gmail.com</E-Mail>
		<Home>http://mark0.net</Home>
	</Info>
	<General>
		<FileNum>2</FileNum>
		<Date>
			<Year>2010</Year>
			<Month>01</Month>
			<Day>26</Day>
		</Date>
		<Time>
			<Hour>01</Hour>
			<Min>13</Min>
			<Sec>48</Sec>
		</Time>
		<Creator>TrIDScan32 v1.56</Creator>
	</General>
	<FrontBlock>
		<Pattern>
			<Bytes>41414F50310D</Bytes>
			<ASCII> A A O P 1</ASCII>
			<Pos>0</Pos>
		</Pattern>
	</FrontBlock>
</TrID>
