<TrID ver="2.00">
	<Info>
		<FileType>AOS File Format</FileType>
		<Ext>AOS</Ext>
		<ExtraInfo>
			<Rem></Rem>
			<RefURL>http://donat.org/archos/wiki/doku.php?id=aos_file_format</RefURL>
		</ExtraInfo>
		<User>Marco Pontello</User>
		<E-Mail>marcopon@gmail.com</E-Mail>
		<Home>http://mark0.net</Home>
	</Info>
	<General>
		<FileNum>6</FileNum>
		<CheckStrings>True</CheckStrings>
		<Date>
			<Year>2006</Year>
			<Month>05</Month>
			<Day>11</Day>
		</Date>
		<Time>
			<Hour>15</Hour>
			<Min>07</Min>
			<Sec>33</Sec>
		</Time>
		<Creator>TrIDScan32 v1.56</Creator>
	</General>
	<FrontBlock>
		<Pattern>
			<Bytes>52494646</Bytes>
			<ASCII> R I F F</ASCII>
			<Pos>0</Pos>
		</Pattern>
	</FrontBlock>
	<GlobalStrings>
		<String>CCOD</String>
		<String>RIFF</String>
		<String>SIGN</String>
	</GlobalStrings>
</TrID>
