<TrID ver="2.00">
	<Info>
		<FileType>Application Object Template</FileType>
		<Ext></Ext>
		<ExtraInfo>
			<Rem></Rem>
			<RefURL>http://en.wikipedia.org/wiki/Novell_ZENworks</RefURL>
		</ExtraInfo>
		<User>Marco Pontello</User>
		<E-Mail>marcopon@gmail.com</E-Mail>
		<Home>http://mark0.net</Home>
	</Info>
	<General>
		<FileNum>3</FileNum>
		<Date>
			<Year>2008</Year>
			<Month>05</Month>
			<Day>27</Day>
		</Date>
		<Time>
			<Hour>12</Hour>
			<Min>08</Min>
			<Sec>17</Sec>
		</Time>
		<Creator>TrIDScan32 v1.56</Creator>
	</General>
	<FrontBlock>
		<Pattern>
			<Bytes>414F542046494C45</Bytes>
			<ASCII> A O T   F I L E</ASCII>
			<Pos>0</Pos>
		</Pattern>
	</FrontBlock>
</TrID>
