<TrID ver="2.00">
	<Info>
		<FileType>Aperture Album</FileType>
		<Ext>APALBUM</Ext>
		<ExtraInfo>
			<Rem></Rem>
			<RefURL>http://en.wikipedia.org/wiki/Aperture_(software)</RefURL>
		</ExtraInfo>
		<User>Marco Pontello</User>
		<E-Mail>marcopon@gmail.com</E-Mail>
		<Home>http://mark0.net</Home>
	</Info>
	<General>
		<FileNum>9</FileNum>
		<CheckStrings>True</CheckStrings>
		<Date>
			<Year>2012</Year>
			<Month>10</Month>
			<Day>12</Day>
		</Date>
		<Time>
			<Hour>16</Hour>
			<Min>6</Min>
			<Sec>46</Sec>
		</Time>
		<Creator>TrIDScan/Py v1.80</Creator>
	</General>
	<FrontBlock>
		<Pattern>
			<Bytes>62706C6973743030</Bytes>
			<ASCII> b p l i s t 0 0</ASCII>
			<Pos>0</Pos>
		</Pattern>
	</FrontBlock>
	<GlobalStrings>
		<String>T$TOPX$OBJECTSX$VERSIONY$ARCHIVER</String>
		<String>QUERYSTACKPICKSONLYYQUERYTYPE_</String>
		<String>SORTASCENDINGXISHIDDENWVERSION</String>
		<String>RKSINGLEITEMQUERYYISFLAGGED</String>
		<String>BASICPROPERTIES.COLORLABEL</String>
		<String>BASICPROPERTIES.MAINRATING</String>
		<String>ZNS.OBJECTSWNS.KEYSV$CLASS</String>
		<String>ALBUMSUBCLASSYALBUMTYPE_</String>
		<String>EXIFPROPERTIES.IMAGEDATE</String>
		<String>NOPQX$CLASSESZ$CLASSNAME</String>
		<String>QUERYPREDICATECOMPONENTS</String>
		<String>NSMUTABLEARRAYWNSARRAY</String>
		<String>NSDICTIONARYXNSOBJECT</String>
		<String>CUSTOMSORTAVAILABLE</String>
		<String>NSMUTABLEDICTIONARY</String>
		<String>RKSINGLEITEMQUERY_</String>
		<String>QUERYFIRSTVALUE_</String>
		<String>QUERYPROPERTYKEY</String>
		<String>QUERYSUBQUERIES_</String>
		<String>RKMULTIITEMQUERY</String>
		<String>COLORLABELINDEX</String>
		<String>NSKEYEDARCHIVER</String>
		<String>QUERYMATCHTYPE_</String>
		<String>INFODICTIONARY</String>
		<String>PROPERTIES.ANY</String>
		<String>QUERYCLASSNAME</String>
		<String>QUERYISENABLED</String>
		<String>QUERYQUALIFIER</String>
		<String>QUERYTIMEVALUE</String>
		<String>SORTKEYPATH</String>
		<String>ZCREATEDATE</String>
		<String>ZFILTERINFO</String>
		<String>ZFOLDERUUID</String>
		<String>ZISFAVORITE</String>
		<String>YISINTRASH</String>
		<String>EBPLIST00</String>
		<String>WISMAGIC</String>
		<String>U$NULL</String>
		<String>J'P'W</String>
		<String>QRS_</String>
		<String>ROOT</String>
	</GlobalStrings>
</TrID>