<TrID ver="2.00">
	<Info>
		<FileType>AutoPlay Menu Builder data</FileType>
		<Ext>APM</Ext>
		<ExtraInfo>
			<Rem></Rem>
			<RefURL>http://www.linasoft.com/</RefURL>
		</ExtraInfo>
		<User>fengdaolong</User>
		<E-Mail>fengdaolong@gmail.com</E-Mail>
		<Home></Home>
	</Info>
	<General>
		<FileNum>37</FileNum>
		<CheckStrings>True</CheckStrings>
		<Date>
			<Year>2012</Year>
			<Month>04</Month>
			<Day>18</Day>
		</Date>
		<Time>
			<Hour>09</Hour>
			<Min>36</Min>
			<Sec>03</Sec>
		</Time>
		<Creator>TrIDScan32 v1.56</Creator>
	</General>
	<FrontBlock>
		<Pattern>
			<Bytes>41504D4461746146696C65545046300A5466726D44657369676E</Bytes>
			<ASCII> A P M D a t a F i l e T P F 0 . T f r m D e s i g n</ASCII>
			<Pos>0</Pos>
		</Pattern>
		<Pattern>
			<Bytes>66726D44657369676E</Bytes>
			<ASCII> f r m D e s i g n</ASCII>
			<Pos>27</Pos>
		</Pattern>
	</FrontBlock>
	<GlobalStrings>
		<String>HORZSCROLLBAR.VISIBLE</String>
		<String>ENDSCREENSAMEASSPLASH</String>
		<String>VERTSCROLLBAR.VISIBLE</String>
		<String>HINTGRADBEGINCOLOR</String>
		<String>ALWAYSSHOWPAGEZERO</String>
		<String>USECUSTOMIZEDHINT</String>
		<String>HINTFONT.CHARSET</String>
		<String>MOVEWITHANYPOINT</String>
		<String>HINTGRADENDCOLOR</String>
		<String>HINTSHADOWOFFSET</String>
		<String>HINTBORDERCOLOR</String>
		<String>HINTSHADOWCOLOR</String>
		<String>ENDSCREENSHAPED</String>
		<String>DEFAULT_CHARSET</String>
		<String>APMDATAFILETPF0</String>
		<String>HINTFONT.HEIGHT</String>
		<String>HINTFONT.STYLE</String>
		<String>OLDCREATEORDER</String>
		<String>HINTFONT.COLOR</String>
		<String>ENDSCREENDELAY</String>
		<String>FORMCLOSEQUERY</String>
		<String>EXPIRECONTINUE</String>
		<String>HINTFONT.NAME</String>
		<String>HIDEABOUTMENU</String>
		<String>ENDSCREENFADE</String>
		<String>EXPIREMESSAGE</String>
		<String>HINTGRADSTYLE</String>
		<String>HINTDIRECTION</String>
		<String>PAGES.STRINGS</String>
		<String>PIXELSPERINCH</String>
		<String>SHOWENDSCREEN</String>
		<String>MS SANS SERIF</String>
		<String>BISYSTEMMENU</String>
		<String>ONCLOSEQUERY</String>
		<String>CLWINDOWTEXT</String>
		<String>BORDERICONS</String>
		<String>HIDETASKBAR</String>
		<String>EXITWITHESC</String>
		<String>FORMKEYDOWN</String>
		<String>SPLASHDELAY</String>
		<String>STARTUPPAGE</String>
		<String>HINTBGSTYLE</String>
		<String>FORMDESTROY</String>
		<String>WINDOWSTYLE</String>
		<String>TEXTHEIGHT</String>
		<String>LAUNCHWAIT</String>
		<String>LAUNCHONLY</String>
		<String>AGSLINEARH</String>
		<String>ALPHAVALUE</String>
		<String>BIMINIMIZE</String>
		<String>SPLASHFADE</String>
		<String>KEYPREVIEW</String>
		<String>FORMRESIZE</String>
		<String>EXPIREDATE</String>
		<String>SHAPEDSHOW</String>
		<String>BACKGROUND</String>
		<String>SHOWSPLASH</String>
		<String>TFRMDESIGN</String>
		<String>FORMCREATE</String>
		<String>DESIGNMODE</String>
		<String>ACTIVEPAGE</String>
		<String>PAGECOUNT</String>
		<String>SYSMSGBOX</String>
		<String>LAUNCHMAX</String>
		<String>ONKEYDOWN</String>
		<String>AUTOMUSIC</String>
		<String>HINTCOLOR</String>
		<String>ADMINONLY</String>
		<String>ONDESTROY</String>
		<String>ICON.DATA</String>
		<String>SHOWGRID</String>
		<String>ONRESIZE</String>
		<String>ADMINMSG</String>
		<String>CLYELLOW</String>
		<String>APSRIGHT</String>
		<String>ONCREATE</String>
		<String>CAPTION</String>
		<String>SNORMAL</String>
		<String>CLWHITE</String>
		<String>TOPMOST</String>
		<String>CLBLUE</String>
		<String>SCALED</String>
		<String>FSBOLD</String>
		<String>GROUPS</String>
		<String>CLRED</String>
		<String>WIDTH</String>
		<String>GRIDX</String>
		<String>GRIDY</String>
		<String>LEFT</String>
		<String>LOOP</String>
	</GlobalStrings>
</TrID>
