<TrID ver="2.00">
	<Info>
		<FileType>Amazon Kindle Page Number index</FileType>
		<Ext>APNX</Ext>
		<ExtraInfo>
			<Rem></Rem>
			<RefURL>http://john.nachtimwald.com/2011/02/09/amazon-apnx-file-format/</RefURL>
		</ExtraInfo>
		<User>Marco Pontello</User>
		<E-Mail>marcopon@gmail.com</E-Mail>
		<Home>http://mark0.net</Home>
	</Info>
	<General>
		<FileNum>3</FileNum>
		<Date>
			<Year>2012</Year>
			<Month>5</Month>
			<Day>26</Day>
		</Date>
		<Time>
			<Hour>16</Hour>
			<Min>27</Min>
			<Sec>17</Sec>
		</Time>
		<Creator>TrIDScan/Py v1.80</Creator>
	</General>
	<FrontBlock>
		<Pattern>
			<Bytes>00010001</Bytes>
			<Pos>0</Pos>
		</Pattern>
		<Pattern>
			<Bytes>7B22636F6E74656E7447756964223A22</Bytes>
			<ASCII> { " c o n t e n t G u i d " : "</ASCII>
			<Pos>12</Pos>
		</Pattern>
	</FrontBlock>
</TrID>