<TrID ver="2.00">
	<Info>
		<FileType>Erlang Application Upgrade</FileType>
		<Ext>APPUP</Ext>
		<ExtraInfo>
			<Rem></Rem>
			<RefURL>http://en.wikipedia.org/wiki/Erlang_(programming_language)</RefURL>
		</ExtraInfo>
		<User>Marco Pontello</User>
		<E-Mail>marcopon@gmail.com</E-Mail>
		<Home>http://mark0.net</Home>
	</Info>
	<General>
		<FileNum>7</FileNum>
		<Date>
			<Year>2012</Year>
			<Month>4</Month>
			<Day>14</Day>
		</Date>
		<Time>
			<Hour>20</Hour>
			<Min>9</Min>
			<Sec>30</Sec>
		</Time>
		<Creator>TrIDScan/Py v1.80</Creator>
	</General>
	<FrontBlock>
		<Pattern>
			<Bytes>7B22</Bytes>
			<ASCII> { "</ASCII>
			<Pos>0</Pos>
		</Pattern>
		<Pattern>
			<Bytes>2E</Bytes>
			<Pos>3</Pos>
		</Pattern>
	</FrontBlock>
</TrID>