<TrID ver="2.00">
	<Info>
		<FileType>F.E.A.R. game archive</FileType>
		<Ext>ARCH00</Ext>
		<ExtraInfo>
			<Rem></Rem>
			<RefURL>http://en.wikipedia.org/wiki/F.E.A.R.</RefURL>
		</ExtraInfo>
		<User>Marco Pontello</User>
		<E-Mail>marcopon@gmail.com</E-Mail>
		<Home>http://mark0.net</Home>
	</Info>
	<General>
		<FileNum>16</FileNum>
		<CheckStrings>True</CheckStrings>
		<Date>
			<Year>2009</Year>
			<Month>03</Month>
			<Day>01</Day>
		</Date>
		<Time>
			<Hour>23</Hour>
			<Min>47</Min>
			<Sec>37</Sec>
		</Time>
		<Creator>TrIDScan32 v1.56</Creator>
	</General>
	<FrontBlock>
		<Pattern>
			<Bytes>4C54415203000000</Bytes>
			<ASCII> L T A R</ASCII>
			<Pos>0</Pos>
		</Pattern>
		<Pattern>
			<Bytes>43524300</Bytes>
			<ASCII> C R C</ASCII>
			<Pos>52</Pos>
		</Pattern>
	</FrontBlock>
	<GlobalStrings>
		<String>MULTIPLAYER</String>
		<String>SPAWNPOINT</String>
		<String>FILENAME</String>
		<String>RELEASE</String>
		<String>PHYSICS</String>
		<String>COMMAND</String>
		<String>VISIBLE</String>
		<String>GAMESTA</String>
		<String>RESPAWN</String>
		<String>GRENADE</String>
		<String>OBJECT</String>
		<String>PLACED</String>
		<String>LOCKED</String>
		<String>NORMAL</String>
		<String>HEALTH</String>
		<String>WORLDS</String>
		<String>RCOLOR</String>
		<String>WEAPON</String>
		<String>SHADOW</String>
		<String>PHOTO</String>
		<String>TURES</String>
		<String>RFACE</String>
		<String>MODEL</String>
		<String>LIGHT</String>
		<String>INTER</String>
		<String>FLOOR</String>
		<String>MENTS</String>
		<String>CHARS</String>
		<String>SCALE</String>
		<String>TILES</String>
		<String>MATE</String>
		<String>ITEM</String>
		<String>AMMO</String>
		<String>FIRE</String>
		<String>OVER</String>
		<String>CONC</String>
		<String>RIDE</String>
		<String>ESTR</String>
		<String>NONE</String>
		<String>GUNS</String>
		<String>STUN</String>
		<String>FRAG</String>
		<String>TEXT</String>
		<String>ENER</String>
		<String>TIME</String>
		<String>LTAR</String>
		<String>TYPE</String>
		<String>TEAM</String>
		<String>WALL</String>
		<String>MOVE</String>
		<String>GEAR</String>
		<String>TEMP</String>
	</GlobalStrings>
</TrID>
