<TrID ver="2.00">
	<Info>
		<FileType>Active Tutor data</FileType>
		<Ext>ARF</Ext>
		<ExtraInfo>
			<Rem></Rem>
			<RefURL></RefURL>
		</ExtraInfo>
		<User>Marco Pontello</User>
		<E-Mail>marcopon@gmail.com</E-Mail>
		<Home>http://mark0.net</Home>
	</Info>
	<General>
		<FileNum>6</FileNum>
		<Date>
			<Year>2006</Year>
			<Month>07</Month>
			<Day>21</Day>
		</Date>
		<Time>
			<Hour>17</Hour>
			<Min>54</Min>
			<Sec>08</Sec>
		</Time>
		<Creator>TrIDScan32 v1.56</Creator>
	</General>
	<FrontBlock>
		<Pattern>
			<Bytes>0C416374697665205475746F72</Bytes>
			<ASCII> . A c t i v e	T u t o r</ASCII>
			<Pos>0</Pos>
		</Pattern>
	</FrontBlock>
</TrID>
