<TrID ver="2.00">
	<Info>
		<FileType>NuFX archive</FileType>
		<Ext>SHK</Ext>
		<ExtraInfo>
			<Rem>Old Apple II compression format.</Rem>
			<RefURL></RefURL>
		</ExtraInfo>
		<User>Marco Pontello</User>
		<E-Mail>marcopon@gmail.com</E-Mail>
		<Home>http://mark0.net</Home>	</Info>
	<General>
		<FileNum>20</FileNum>
		<Date>
			<Year>2006</Year>
			<Month>10</Month>
			<Day>27</Day>
		</Date>
		<Time>
			<Hour>00</Hour>
			<Min>50</Min>
			<Sec>24</Sec>
		</Time>
		<Creator>TrIDScan32 v1.56</Creator>
	</General>
	<FrontBlock>
		<Pattern>
			<Bytes>4EF546E96CE5</Bytes>
			<ASCII> N . F . l</ASCII>
			<Pos>0</Pos>
		</Pattern>
		<Pattern>
			<Bytes>4EF546D8</Bytes>
			<ASCII> N . F</ASCII>
			<Pos>48</Pos>
		</Pattern>
	</FrontBlock>
</TrID>
