<TrID ver="2.00">
	<Info>
		<FileType>PAQ8O compressed archive</FileType>
		<Ext>PAQ8O</Ext>
		<ExtraInfo>
			<Rem></Rem>
			<RefURL>http://www.cs.fit.edu/~mmahoney/compression/</RefURL>
		</ExtraInfo>
		<User>Holger Burghardt</User>
		<E-Mail>holger_burghardt@nospammers@yahoo.com</E-Mail>
		<Home>http://www.geocities/holger_burghardt/</Home>
	</Info>
	<General>
		<FileNum>41</FileNum>
		<Date>
			<Year>2008</Year>
			<Month>11</Month>
			<Day>26</Day>
		</Date>
		<Time>
			<Hour>12</Hour>
			<Min>15</Min>
			<Sec>52</Sec>
		</Time>
		<Creator>TrIDScan32 v1.56</Creator>
	</General>
	<FrontBlock>
		<Pattern>
			<Bytes>706171386F202D</Bytes>
			<ASCII> p a q 8 o   -</ASCII>
			<Pos>0</Pos>
		</Pattern>
		<Pattern>
			<Bytes>0D0A</Bytes>
			<Pos>8</Pos>
		</Pattern>
	</FrontBlock>
</TrID>
