<TrID ver="1.16">
	<Info>
		<FileType>Ai Archivator compressed archive</FileType>
		<Ext>AI</Ext>
		<User>Marco Pontello</User>
		<E-Mail>marcopon@gmail.com</E-Mail>
		<Home>http://mark0.net</Home>
	</Info>
	<General>
		<FileNum>12</FileNum>
		<Date>
			<Year>2003</Year>
			<Month>07</Month>
			<Day>22</Day>
		</Date>
		<Time>
			<Hour>10</Hour>
			<Min>32</Min>
			<Sec>54</Sec>
		</Time>
		<Creator>TrIDScan32 v1.00.1</Creator>
	</General>
	<FrontBlock>
		<Pattern>
			<Bytes>416902</Bytes>
			<ASCII> A i</ASCII>
			<Pos>0</Pos>
		</Pattern>
		<Pattern>
			<Bytes>000000</Bytes>
			<Pos>5</Pos>
		</Pattern>
	</FrontBlock>
</TrID>
