<TrID ver="1.16">
	<Info>
		<FileType>NaShrinK compressed archive</FileType>
		<Ext>NSK</Ext>
		<User>Marco Pontello</User>
		<E-Mail>marcopon@gmail.com</E-Mail>
		<Home>http://mark0.net</Home>
	</Info>
	<General>
		<FileNum>3</FileNum>
		<Date>
			<Year>2003</Year>
			<Month>07</Month>
			<Day>22</Day>
		</Date>
		<Time>
			<Hour>15</Hour>
			<Min>49</Min>
			<Sec>51</Sec>
		</Time>
		<Creator>TrIDScan32 v1.00.1</Creator>
	</General>
	<FrontBlock>
		<Pattern>
			<Bytes>4E534B</Bytes>
			<ASCII> N S K</ASCII>
			<Pos>0</Pos>
		</Pattern>
	</FrontBlock>
</TrID>
