<TrID ver="2.00">
	<Info>
		<FileType>ScriptMagic archive</FileType>
		<Ext></Ext>
		<ExtraInfo>
			<Rem>From IKURA Game Development Library.</Rem>
			<RefURL></RefURL>
		</ExtraInfo>
		<User>Marco Pontello</User>
		<E-Mail>marcopon@gmail.com</E-Mail>
		<Home>http://mark0.net</Home>
	</Info>
	<General>
		<FileNum>2</FileNum>
		<CheckStrings>True</CheckStrings>
		<Date>
			<Year>2009</Year>
			<Month>02</Month>
			<Day>05</Day>
		</Date>
		<Time>
			<Hour>14</Hour>
			<Min>51</Min>
			<Sec>51</Sec>
		</Time>
		<Creator>TrIDScan32 v1.56</Creator>
	</General>
	<FrontBlock>
		<Pattern>
			<Bytes>534D324D50583130</Bytes>
			<ASCII> S M 2 M P X 1 0</ASCII>
			<Pos>0</Pos>
		</Pattern>
	</FrontBlock>
	<GlobalStrings>
		<String>SM2MPX10</String>
	</GlobalStrings>
</TrID>
