<TrID ver="1.16">
    <Info>
        <FileType>Quantum compressed archive</FileType>
        <Ext>Q</Ext>
        <User>Marco Pontello</User>
        <E-Mail>marcopon@gmail.com</E-Mail>
        <Home>http://mark0.net</Home>
    </Info>
    <General>
        <FileNum>5</FileNum>
        <Date>
            <Year>2003</Year>
            <Month>07</Month>
            <Day>16</Day>
        </Date>
        <Time>
            <Hour>13</Hour>
            <Min>34</Min>
            <Sec>58</Sec>
        </Time>
        <Creator>TrIDScan32 v1.00.1</Creator>
    </General>
    <FrontBlock>
        <Pattern>
            <Bytes>4453</Bytes>
            <ASCII> D S</ASCII>
            <Pos>0</Pos>
        </Pattern>
    </FrontBlock>
</TrID>
