<TrID ver="2.00">
	<Info>
		<FileType>UHARC compressed archive</FileType>
		<Ext>UHA</Ext>
		<ExtraInfo>
			<Rem>UHARC is an high compression multimedia archiver by Uwe Herklotz.</Rem>
			<RefURL>http://www.klaimsoft.com/winuha/</RefURL>
		</ExtraInfo>
		<User>Marco Pontello</User>
		<E-Mail>marcopon@gmail.com</E-Mail>
		<Home>http://mark0.net</Home>
	</Info>
	<General>
		<FileNum>3</FileNum>
		<Date>
			<Year>2006</Year>
			<Month>02</Month>
			<Day>01</Day>
		</Date>
		<Time>
			<Hour>13</Hour>
			<Min>56</Min>
			<Sec>53</Sec>
		</Time>
		<Creator>TrIDScan32 v1.56</Creator>
	</General>
	<FrontBlock>
		<Pattern>
			<Bytes>554841</Bytes>
			<ASCII> U H A</ASCII>
			<Pos>0</Pos>
		</Pattern>
	</FrontBlock>
</TrID>
