<TrID ver="2.00">
	<Info>
		<FileType>RS compressed archive</FileType>
		<Ext></Ext>
		<ExtraInfo>
			<Rem></Rem>
			<RefURL></RefURL>
		</ExtraInfo>
		<User>Label</User>
		<E-Mail></E-Mail>
		<Home></Home>
	</Info>
	<General>
		<FileNum>6</FileNum>
		<Refine>1 by Marco Pontello</Refine>
		<CheckStrings>True</CheckStrings>
		<Date>
			<Year>2009</Year>
			<Month>04</Month>
			<Day>23</Day>
		</Date>
		<Time>
			<Hour>18</Hour>
			<Min>49</Min>
			<Sec>48</Sec>
		</Time>
		<Creator>TrIDScan32 v1.56</Creator>
	</General>
	<FrontBlock>
		<Pattern>
			<Bytes>5253564B44415441</Bytes>
			<ASCII> R S V K D A T A</ASCII>
			<Pos>0</Pos>
		</Pattern>
	</FrontBlock>
	<GlobalStrings>
		<String>RSVKDATA</String>
		<String>ECDR</String>
		<String>CFHS</String>
	</GlobalStrings>
</TrID>
