<TrID ver="2.00">
	<Info>
		<FileType>rzip compressed archive</FileType>
		<Ext>RZ</Ext>
		<ExtraInfo>
			<Rem>rzip is a compression program by Andrew Tridgell.</Rem>
			<RefURL>http://rzip.samba.org/</RefURL>
		</ExtraInfo>
		<User>Marco Pontello</User>
		<E-Mail>marcopon@gmail.com</E-Mail>
		<Home>http://mark0.net</Home>	</Info>
	<General>
		<FileNum>2</FileNum>
		<CheckStrings>True</CheckStrings>
		<Date>
			<Year>2006</Year>
			<Month>05</Month>
			<Day>29</Day>
		</Date>
		<Time>
			<Hour>14</Hour>
			<Min>08</Min>
			<Sec>46</Sec>
		</Time>
		<Creator>TrIDScan32 v1.56</Creator>
	</General>
	<FrontBlock>
		<Pattern>
			<Bytes>525A4950</Bytes>
			<ASCII> R Z I P</ASCII>
			<Pos>0</Pos>
		</Pattern>
	</FrontBlock>
</TrID>
