<TrID ver="2.00">
	<Info>
		<FileType>ZipGenius encrypted compressed archive</FileType>
		<Ext>CZIP</Ext>
		<ExtraInfo>
			<Rem></Rem>
			<RefURL>http://www.zipgenius.it/eng</RefURL>
		</ExtraInfo>
		<User>Marco Pontello</User>
		<E-Mail>marcopon@gmail.com</E-Mail>
		<Home>http://mark0.net</Home>
	</Info>
	<General>
		<FileNum>6</FileNum>
		<Date>
			<Year>2006</Year>
			<Month>06</Month>
			<Day>05</Day>
		</Date>
		<Time>
			<Hour>18</Hour>
			<Min>50</Min>
			<Sec>39</Sec>
		</Time>
		<Creator>TrIDScan32 v1.56</Creator>
	</General>
	<FrontBlock>
		<Pattern>
			<Bytes>435A4950</Bytes>
			<ASCII> C Z I P</ASCII>
			<Pos>0</Pos>
		</Pattern>
	</FrontBlock>
</TrID>
