<TrID ver="2.00">
	<Info>
		<FileType>RPM Package (generic)</FileType>
		<Ext>RPM</Ext>
		<ExtraInfo>
			<Rem></Rem>
			<RefURL>http://en.wikipedia.org/wiki/RPM_Package_Manager</RefURL>
		</ExtraInfo>
		<User>Marco Pontello</User>
		<E-Mail>marcopon@gmail.com</E-Mail>
		<Home></Home>
	</Info>
	<General>
		<FileNum>25</FileNum>
		<Refine>1 by Marco Pontello</Refine>
		<Date>
			<Year>2008</Year>
			<Month>05</Month>
			<Day>27</Day>
		</Date>
		<Time>
			<Hour>02</Hour>
			<Min>30</Min>
			<Sec>27</Sec>
		</Time>
		<Creator>TrIDScan32 v1.56</Creator>
	</General>
	<FrontBlock>
		<Pattern>
			<Bytes>EDABEEDB</Bytes>
			<Pos>0</Pos>
		</Pattern>
	</FrontBlock>
</TrID>
