<TrID ver="2.00">
    <Info>
        <FileType>YBS compressed archive</FileType>
        <Ext>YBS</Ext>
        <ExtraInfo>
            <Rem>Freeware high-performance arhiver based on BWT and distance coding, by Vadim Yoockin</Rem>
            <RefURL></RefURL>
        </ExtraInfo>
        <User>Marco Pontello</User>
        <E-Mail>marcopon@gmail.com</E-Mail>
        <Home>http://mark0.net</Home>
    </Info>
    <General>
        <FileNum>3</FileNum>
        <Date>
            <Year>2003</Year>
            <Month>12</Month>
            <Day>21</Day>
        </Date>
        <Time>
            <Hour>02</Hour>
            <Min>53</Min>
            <Sec>52</Sec>
        </Time>
        <Creator>TrIDScan32 v1.55</Creator>
    </General>
    <FrontBlock>
        <Pattern>
            <Bytes>594253</Bytes>
            <ASCII> Y B S</ASCII>
            <Pos>0</Pos>
        </Pattern>
    </FrontBlock>
</TrID>
