<TrID ver="2.00">
	<Info>
		<FileType>XAR archive</FileType>
		<Ext>XAR</Ext>
		<ExtraInfo>
			<Rem>XAR stands fro eXtensible ARchiver.</Rem>
			<RefURL>http://www.opendarwin.org/projects/xar/</RefURL>
		</ExtraInfo>
		<User>Marco Pontello</User>
		<E-Mail>marcopon@gmail.com</E-Mail>
		<Home>http://mark0.net</Home>	</Info>
	<General>
		<FileNum>2</FileNum>
		<Date>
			<Year>2006</Year>
			<Month>12</Month>
			<Day>31</Day>
		</Date>
		<Time>
			<Hour>16</Hour>
			<Min>24</Min>
			<Sec>08</Sec>
		</Time>
		<Creator>TrIDScan32 v1.56</Creator>
	</General>
	<FrontBlock>
		<Pattern>
			<Bytes>78617221</Bytes>
			<ASCII> x a r !</ASCII>
			<Pos>0</Pos>
		</Pattern>
	</FrontBlock>
</TrID>
