<TrID ver="2.00">
	<Info>
		<FileType>SEMONE compressed archive</FileType>
		<Ext>ONE</Ext>
		<ExtraInfo>
			<Rem>SEMONE is an old compression program by V. Semenjuk.</Rem>
			<RefURL></RefURL>
		</ExtraInfo>
		<User>Marco Pontello</User>
		<E-Mail>marcopon@gmail.com</E-Mail>
		<Home>http://mark0.net</Home>	</Info>
	<General>
		<FileNum>7</FileNum>
		<Date>
			<Year>2006</Year>
			<Month>05</Month>
			<Day>29</Day>
		</Date>
		<Time>
			<Hour>14</Hour>
			<Min>20</Min>
			<Sec>18</Sec>
		</Time>
		<Creator>TrIDScan32 v1.56</Creator>
	</General>
	<FrontBlock>
		<Pattern>
			<Bytes>53454D6829</Bytes>
			<ASCII> S E M h )</ASCII>
			<Pos>0</Pos>
		</Pattern>
	</FrontBlock>
</TrID>
