<TrID ver="1.16">
	<Info>
		<FileType>BCOMP Archiveur compressed archive</FileType>
		<Ext></Ext>
		<User>Marco Pontello</User>
		<E-Mail>marcopon@gmail.com</E-Mail>
		<Home>http://mark0.net</Home>
	</Info>
	<General>
		<FileNum>5</FileNum>
		<Date>
			<Year>2003</Year>
			<Month>07</Month>
			<Day>22</Day>
		</Date>
		<Time>
			<Hour>11</Hour>
			<Min>04</Min>
			<Sec>56</Sec>
		</Time>
		<Creator>TrIDScan32 v1.00.1</Creator>
	</General>
	<FrontBlock>
		<Pattern>
			<Bytes>DA35</Bytes>
			<ASCII> . 5</ASCII>
			<Pos>0</Pos>
		</Pattern>
	</FrontBlock>
</TrID>
