<TrID ver="2.00">
	<Info>
		<FileType>CrossePAC compressed archive</FileType>
		<Ext>PAC</Ext>
		<ExtraInfo>
			<Rem>CrossePAC is an old compression program by Digital Strategies, Inc.</Rem>
			<RefURL>http://www.digitalstrategies.com/</RefURL>
		</ExtraInfo>
		<User>Marco Pontello</User>
		<E-Mail>marcopon@gmail.com</E-Mail>
		<Home>http://mark0.net</Home>	</Info>
	<General>
		<FileNum>3</FileNum>
		<Date>
			<Year>2006</Year>
			<Month>05</Month>
			<Day>29</Day>
		</Date>
		<Time>
			<Hour>14</Hour>
			<Min>27</Min>
			<Sec>59</Sec>
		</Time>
		<Creator>TrIDScan32 v1.56</Creator>
	</General>
	<FrontBlock>
		<Pattern>
			<Bytes>445349474443</Bytes>
			<ASCII> D S I G D C</ASCII>
			<Pos>0</Pos>
		</Pattern>
	</FrontBlock>
</TrID>
