<TrID ver="2.00">
	<Info>
		<FileType>Liquid Entertainment H2O compressed archive</FileType>
		<Ext>H2O</Ext>
		<ExtraInfo>
			<Rem>A games archive format.</Rem>
			<RefURL>http://wiki.xentax.com/index.php/H2O6</RefURL>
		</ExtraInfo>
		<User>Marco Pontello</User>
		<E-Mail>marcopon@gmail.com</E-Mail>
		<Home>http://mark0.net</Home>	</Info>
	<General>
		<FileNum>3</FileNum>
		<Date>
			<Year>2006</Year>
			<Month>11</Month>
			<Day>08</Day>
		</Date>
		<Time>
			<Hour>15</Hour>
			<Min>36</Min>
			<Sec>18</Sec>
		</Time>
		<Creator>TrIDScan32 v1.56</Creator>
	</General>
	<FrontBlock>
		<Pattern>
			<Bytes>4C4951444C48324F</Bytes>
			<ASCII> L I Q D L H 2 O</ASCII>
			<Pos>0</Pos>
		</Pattern>
	</FrontBlock>
</TrID>
