<TrID ver="1.16">
	<Info>
		<FileType>Telvox CODEC (compressed) archive</FileType>
		<Ext></Ext>
		<User>Marco Pontello</User>
		<E-Mail>marcopon@gmail.com</E-Mail>
		<Home>http://mark0.net</Home>
	</Info>
	<General>
		<FileNum>5</FileNum>
		<Date>
			<Year>2003</Year>
			<Month>07</Month>
			<Day>16</Day>
		</Date>
		<Time>
			<Hour>14</Hour>
			<Min>50</Min>
			<Sec>26</Sec>
		</Time>
		<Creator>TrIDScan32 v1.00.1</Creator>
	</General>
	<FrontBlock>
		<Pattern>
			<Bytes>76FF31</Bytes>
			<ASCII> v . 1</ASCII>
			<Pos>0</Pos>
		</Pattern>
		<Pattern>
			<Bytes>153F</Bytes>
			<ASCII> . ?</ASCII>
			<Pos>5</Pos>
		</Pattern>
		<Pattern>
			<Bytes>153F</Bytes>
			<ASCII> . ?</ASCII>
			<Pos>9</Pos>
		</Pattern>
	</FrontBlock>
</TrID>
