<TrID ver="2.00">
	<Info>
		<FileType>sr2 compressed data</FileType>
		<Ext>SR2</Ext>
		<ExtraInfo>
			<Rem>sr2 is a symbol ranking compressor by Matt Mahoney.</Rem>
			<RefURL>http://cs.fit.edu/~mmahoney/compression/#sr2</RefURL>
		</ExtraInfo>
		<User>Label</User>
		<E-Mail></E-Mail>
		<Home></Home>
	</Info>
	<General>
		<FileNum>17</FileNum>
		<Date>
			<Year>2009</Year>
			<Month>04</Month>
			<Day>23</Day>
		</Date>
		<Time>
			<Hour>18</Hour>
			<Min>13</Min>
			<Sec>15</Sec>
		</Time>
		<Creator>TrIDScan32 v1.56</Creator>
	</General>
	<FrontBlock>
		<Pattern>
			<Bytes>735202</Bytes>
			<ASCII> s R</ASCII>
			<Pos>0</Pos>
		</Pattern>
	</FrontBlock>
</TrID>
