<TrID ver="2.00">
	<Info>
		<FileType>PAKLEO compressed archive</FileType>
		<Ext>PLL</Ext>
		<ExtraInfo>
			<Rem></Rem>
			<RefURL></RefURL>
		</ExtraInfo>
		<User>Marco Pontello</User>
		<E-Mail>marcopon@gmail.com</E-Mail>
		<Home>http://mark0.net</Home>
	</Info>
	<General>
		<FileNum>3</FileNum>
		<Date>
			<Year>2004</Year>
			<Month>06</Month>
			<Day>22</Day>
		</Date>
		<Time>
			<Hour>17</Hour>
			<Min>06</Min>
			<Sec>40</Sec>
		</Time>
		<Creator>TrIDScan32 v1.55</Creator>
	</General>
	<FrontBlock>
		<Pattern>
			<Bytes>4C454F4C5A57202D20286329204C656F6E6172647573204C656F6E6172646920313939331A</Bytes>
			<ASCII> L E O L Z W 	- 	( c ) 	L e o n a r d u s 	L e o n a r d i 	1 9 9 3</ASCII>
			<Pos>0</Pos>
		</Pattern>
	</FrontBlock>
</TrID>
