<TrID ver="2.00">
	<Info>
		<FileType>PAQ8JD compressed archive</FileType>
		<Ext>PAQ8JD</Ext>
		<ExtraInfo>
			<Rem></Rem>
			<RefURL>http://en.wikipedia.org/wiki/PAQ</RefURL>
		</ExtraInfo>
		<User>Marco Pontello</User>
		<E-Mail>marcopon@gmail.com</E-Mail>
		<Home>http://mark0.net</Home>	</Info>
	<General>
		<FileNum>2</FileNum>
		<Date>
			<Year>2008</Year>
			<Month>04</Month>
			<Day>09</Day>
		</Date>
		<Time>
			<Hour>00</Hour>
			<Min>21</Min>
			<Sec>30</Sec>
		</Time>
		<Creator>TrIDScan32 v1.56</Creator>
	</General>
	<FrontBlock>
		<Pattern>
			<Bytes>706171386A6420</Bytes>
			<ASCII> p a q 8 j d</ASCII>
			<Pos>0</Pos>
		</Pattern>
	</FrontBlock>
</TrID>
