<TrID ver="2.00">
	<Info>
		<FileType>Wii Virtual Console CCF archive</FileType>
		<Ext>CCF</Ext>
		<ExtraInfo>
			<Rem></Rem>
			<RefURL></RefURL>
		</ExtraInfo>
		<User>Marco Pontello</User>
		<E-Mail>marcopon@gmail.com</E-Mail>
		<Home>http://mark0.net</Home>
	</Info>
	<General>
		<FileNum>3</FileNum>
		<Date>
			<Year>2012</Year>
			<Month>1</Month>
			<Day>22</Day>
		</Date>
		<Time>
			<Hour>22</Hour>
			<Min>23</Min>
			<Sec>48</Sec>
		</Time>
		<Creator>TrIDScan/Py v1.79.12b</Creator>
	</General>
	<FrontBlock>
		<Pattern>
			<Bytes>43434600000000000000000000000000</Bytes>
			<ASCII> C C F</ASCII>
			<Pos>0</Pos>
		</Pattern>
	</FrontBlock>
</TrID>