<TrID ver="1.16">
    <Info>
        <FileType>BLINK compressed archive</FileType>
        <Ext>BLI</Ext>
        <User>Marco Pontello</User>
        <E-Mail>marcopon@gmail.com</E-Mail>
        <Home>http://mark0.net</Home>
    </Info>
    <General>
        <FileNum>4</FileNum>
        <Date>
            <Year>2003</Year>
            <Month>07</Month>
            <Day>22</Day>
        </Date>
        <Time>
            <Hour>13</Hour>
            <Min>08</Min>
            <Sec>08</Sec>
        </Time>
        <Creator>TrIDScan32 v1.00.1</Creator>
    </General>
    <FrontBlock>
        <Pattern>
            <Bytes>426C696E6B20627920442E542E53</Bytes>
            <ASCII> B l i n k   b y   D . T . S</ASCII>
            <Pos>0</Pos>
        </Pattern>
    </FrontBlock>
</TrID>
