<TrID ver="2.00">
	<Info>
		<FileType>EZBIND archive</FileType>
		<Ext>ARC</Ext>
		<ExtraInfo>
			<Rem></Rem>
			<RefURL></RefURL>
		</ExtraInfo>
		<User>Marco Pontello</User>
		<E-Mail>marcopon@gmail.com</E-Mail>
		<Home>http://mark0.net</Home>
	</Info>
	<General>
		<FileNum>3</FileNum>
		<Date>
			<Year>2009</Year>
			<Month>08</Month>
			<Day>08</Day>
		</Date>
		<Time>
			<Hour>14</Hour>
			<Min>52</Min>
			<Sec>59</Sec>
		</Time>
		<Creator>TrIDScan32 v1.56</Creator>
	</General>
	<FrontBlock>
		<Pattern>
			<Bytes>455A42494E44</Bytes>
			<ASCII> E Z B I N D</ASCII>
			<Pos>0</Pos>
		</Pattern>
	</FrontBlock>
</TrID>
