<TrID ver="2.00">
    <Info>
        <FileType>Zzip compressed archive</FileType>
        <Ext>ZZ</Ext>
        <ExtraInfo>
            <Rem></Rem>
            <RefURL>http://debin.org/zzip/</RefURL>
        </ExtraInfo>
        <User>Marco Pontello</User>
        <E-Mail>marcopon@gmail.com</E-Mail>
        <Home>http://mark0.net</Home>
    </Info>
    <General>
        <FileNum>6</FileNum>
        <Date>
            <Year>2003</Year>
            <Month>12</Month>
            <Day>26</Day>
        </Date>
        <Time>
            <Hour>13</Hour>
            <Min>48</Min>
            <Sec>12</Sec>
        </Time>
        <Creator>TrIDScan32 v1.55</Creator>
    </General>
    <FrontBlock>
        <Pattern>
            <Bytes>5A5A31</Bytes>
            <ASCII> Z Z 1</ASCII>
            <Pos>0</Pos>
        </Pattern>
    </FrontBlock>
</TrID>
