<TrID ver="1.16">
    <Info>
        <FileType>Broderbund Mohawk archive</FileType>
        <Ext>MHK</Ext>
        <User>Marco Pontello</User>
        <E-Mail>marcopon@gmail.com</E-Mail>
        <Home>http://mark0.net</Home>
    </Info>
    <General>
        <FileNum>2</FileNum>
        <Date>
            <Year>2003</Year>
            <Month>07</Month>
            <Day>17</Day>
        </Date>
        <Time>
            <Hour>01</Hour>
            <Min>38</Min>
            <Sec>40</Sec>
        </Time>
        <Creator>TrIDScan32 v1.00.1</Creator>
    </General>
    <FrontBlock>
        <Pattern>
            <Bytes>4D48574B</Bytes>
            <ASCII> M H W K</ASCII>
            <Pos>0</Pos>
        </Pattern>
    </FrontBlock>
</TrID>
