<TrID ver="2.00">
	<Info>
		<FileType>The Sims Archive file</FileType>
		<Ext>FAR</Ext>
		<ExtraInfo>
			<Rem></Rem>
			<RefURL>http://thesims.ea.com</RefURL>
		</ExtraInfo>
		<User>Marco Pontello</User>
		<E-Mail>marcopon@gmail.com</E-Mail>
		<Home>http://mark0.net</Home>
	</Info>
	<General>
		<FileNum>7</FileNum>
		<Date>
			<Year>2005</Year>
			<Month>05</Month>
			<Day>07</Day>
		</Date>
		<Time>
			<Hour>20</Hour>
			<Min>26</Min>
			<Sec>44</Sec>
		</Time>
		<Creator>TrIDScan32 v1.56</Creator>
	</General>
	<FrontBlock>
		<Pattern>
			<Bytes>464152216279415A</Bytes>
			<ASCII> F A R ! b y A Z</ASCII>
			<Pos>0</Pos>
		</Pattern>
	</FrontBlock>
</TrID>
