<TrID ver="2.00">
	<Info>
		<FileType>ZPAQ compressed archive</FileType>
		<Ext>ZPAQ</Ext>
		<ExtraInfo>
			<Rem></Rem>
			<RefURL>http://cs.fit.edu/~mmahoney/compression/#zpaq</RefURL>
		</ExtraInfo>
		<User>Marco Pontello</User>
		<E-Mail>marcopon@gmail.com</E-Mail>
		<Home>http://mark0.net</Home>
	</Info>
	<General>
		<FileNum>4</FileNum>
		<Date>
			<Year>2009</Year>
			<Month>05</Month>
			<Day>23</Day>
		</Date>
		<Time>
			<Hour>13</Hour>
			<Min>57</Min>
			<Sec>37</Sec>
		</Time>
		<Creator>TrIDScan32 v1.56</Creator>
	</General>
	<FrontBlock>
		<Pattern>
			<Bytes>7A5051</Bytes>
			<ASCII> z P Q</ASCII>
			<Pos>0</Pos>
		</Pattern>
	</FrontBlock>
</TrID>
