<TrID ver="1.18">
    <Info>
        <FileType>WRAptor archive (C64)</FileType>
        <Ext></Ext>
        <ExtraInfo>
            <Rem></Rem>
            <RefURL></RefURL>
        </ExtraInfo>
        <User>Marco Pontello</User>
        <E-Mail>marcopon@gmail.com</E-Mail>
        <Home>http://mark0.net</Home>
    </Info>
    <General>
        <FileNum>2</FileNum>
        <Date>
            <Year>2003</Year>
            <Month>08</Month>
            <Day>09</Day>
        </Date>
        <Time>
            <Hour>16</Hour>
            <Min>00</Min>
            <Sec>17</Sec>
        </Time>
        <Creator>TrIDScan32 v1.2b</Creator>
    </General>
    <FrontBlock>
        <Pattern>
            <Bytes>FF424CFF</Bytes>
            <ASCII> . B L</ASCII>
            <Pos>0</Pos>
        </Pattern>
    </FrontBlock>
</TrID>
