<TrID ver="2.00">
	<Info>
		<FileType>RARC compressed archive</FileType>
		<Ext>ARC</Ext>
		<ExtraInfo>
			<Rem></Rem>
			<RefURL></RefURL>
		</ExtraInfo>
		<User>Marco Pontello</User>
		<E-Mail>marcopon@gmail.com</E-Mail>
		<Home>http://mark0.net</Home>
	</Info>
	<General>
		<FileNum>4</FileNum>
		<Date>
			<Year>2009</Year>
			<Month>06</Month>
			<Day>14</Day>
		</Date>
		<Time>
			<Hour>11</Hour>
			<Min>52</Min>
			<Sec>15</Sec>
		</Time>
		<Creator>TrIDScan32 v1.56</Creator>
	</General>
	<FrontBlock>
		<Pattern>
			<Bytes>52415243</Bytes>
			<ASCII> R A R C</ASCII>
			<Pos>0</Pos>
		</Pattern>
	</FrontBlock>
</TrID>
