<TrID ver="2.00">
    <Info>
        <FileType>PAQ4 compressed archive</FileType>
        <Ext></Ext>
        <ExtraInfo>
            <Rem></Rem>
            <RefURL>http://en.wikipedia.org/wiki/PAQ</RefURL>
        </ExtraInfo>
        <User>Marco Pontello</User>
        <E-Mail>marcopon@gmail.com</E-Mail>
        <Home>http://mark0.net</Home>
    </Info>
    <General>
        <FileNum>2</FileNum>
        <Date>
            <Year>2003</Year>
            <Month>12</Month>
            <Day>21</Day>
        </Date>
        <Time>
            <Hour>02</Hour>
            <Min>37</Min>
            <Sec>55</Sec>
        </Time>
        <Creator>TrIDScan32 v1.55</Creator>
    </General>
    <FrontBlock>
        <Pattern>
            <Bytes>504151340D0A</Bytes>
            <ASCII> P A Q 4</ASCII>
            <Pos>0</Pos>
        </Pattern>
    </FrontBlock>
</TrID>
