<TrID ver="2.00">
    <Info>
        <FileType>DLC - DIGILINEAR compressed archive</FileType>
        <Ext>DLC</Ext>
        <ExtraInfo>
            <Rem></Rem>
            <RefURL>http://www.midl.co.jp/DLC/index-E.htm</RefURL>
        </ExtraInfo>
        <User>Marco Pontello</User>
        <E-Mail>marcopon@gmail.com</E-Mail>
        <Home>http://mark0.net</Home>
    </Info>
    <General>
        <FileNum>4</FileNum>
        <Date>
            <Year>2003</Year>
            <Month>12</Month>
            <Day>26</Day>
        </Date>
        <Time>
            <Hour>14</Hour>
            <Min>37</Min>
            <Sec>57</Sec>
        </Time>
        <Creator>TrIDScan32 v1.55</Creator>
    </General>
    <FrontBlock>
        <Pattern>
            <Bytes>444C4330</Bytes>
            <ASCII> D L C 0</ASCII>
            <Pos>0</Pos>
        </Pattern>
    </FrontBlock>
</TrID>
