<TrID ver="2.00">
	<Info>
		<FileType>EVE Online Game Contents archive</FileType>
		<Ext>STUFF</Ext>
		<ExtraInfo>
			<Rem></Rem>
			<RefURL>http://www.eve-online.com/</RefURL>
		</ExtraInfo>
		<User>Marco Pontello</User>
		<E-Mail>marcopon@gmail.com</E-Mail>
		<Home>http://mark0.net</Home>	</Info>
	<General>
		<FileNum>3</FileNum>
		<CheckStrings>True</CheckStrings>
		<Date>
			<Year>2006</Year>
			<Month>09</Month>
			<Day>03</Day>
		</Date>
		<Time>
			<Hour>15</Hour>
			<Min>32</Min>
			<Sec>46</Sec>
		</Time>
		<Creator>TrIDScan32 v1.56</Creator>
	</General>
	<FrontBlock>
		<Pattern>
			<Bytes>0000</Bytes>
			<Pos>2</Pos>
		</Pattern>
		<Pattern>
			<Bytes>0000007265735C</Bytes>
			<ASCII> . . . r e s \</ASCII>
			<Pos>9</Pos>
		</Pattern>
	</FrontBlock>
	<GlobalStrings>
		<String>EMBEDFS 1.0</String>
	</GlobalStrings>
</TrID>
