<TrID ver="1.16">
    <Info>
        <FileType>UFA compressed archive</FileType>
        <Ext>UFA</Ext>
        <User>Marco Pontello</User>
        <E-Mail>marcopon@gmail.com</E-Mail>
        <Home>http://mark0.net</Home>
    </Info>
    <General>
        <FileNum>10</FileNum>
        <Date>
            <Year>2003</Year>
            <Month>07</Month>
            <Day>22</Day>
        </Date>
        <Time>
            <Hour>01</Hour>
            <Min>38</Min>
            <Sec>12</Sec>
        </Time>
        <Creator>TrIDScan32 v1.00.1</Creator>
    </General>
    <FrontBlock>
        <Pattern>
            <Bytes>554641C6D2C1</Bytes>
            <ASCII> U F A</ASCII>
            <Pos>0</Pos>
        </Pattern>
    </FrontBlock>
</TrID>
