<TrID ver="2.00">
    <Info>
        <FileType>QLFC compressed archive</FileType>
        <Ext>GQ</Ext>
        <ExtraInfo>
            <Rem></Rem>
            <RefURL>http://ghido.shelter.ro/Archive/QLFC.php</RefURL>
        </ExtraInfo>
        <User>Marco Pontello</User>
        <E-Mail>marcopon@gmail.com</E-Mail>
        <Home>http://mark0.net</Home>
    </Info>
    <General>
        <FileNum>7</FileNum>
        <Date>
            <Year>2003</Year>
            <Month>12</Month>
            <Day>11</Day>
        </Date>
        <Time>
            <Hour>00</Hour>
            <Min>33</Min>
            <Sec>31</Sec>
        </Time>
        <Creator>TrIDScan32 v1.55</Creator>
    </General>
    <FrontBlock>
        <Pattern>
            <Bytes>476869646F</Bytes>
            <ASCII> G h i d o</ASCII>
            <Pos>0</Pos>
        </Pattern>
        <Pattern>
            <Bytes>00</Bytes>
            <Pos>6</Pos>
        </Pattern>
    </FrontBlock>
</TrID>
