<TrID ver="2.00">
	<Info>
		<FileType>NanoZip compressed archive</FileType>
		<Ext>NZ</Ext>
		<ExtraInfo>
			<Rem></Rem>
			<RefURL>http://www.nanozip.net</RefURL>
		</ExtraInfo>
		<User>Label</User>
		<E-Mail></E-Mail>
		<Home></Home>
	</Info>
	<General>
		<FileNum>4</FileNum>
		<Date>
			<Year>2013</Year>
			<Month>11</Month>
			<Day>29</Day>
		</Date>
		<Time>
			<Hour>2</Hour>
			<Min>9</Min>
			<Sec>28</Sec>
		</Time>
		<Creator>TrIDScan/Py v1.90</Creator>
	</General>
	<FrontBlock>
		<Pattern>
			<Bytes>AE014E616E6F5A697020</Bytes>
			<ASCII> . . N a n o Z i p</ASCII>
			<Pos>0</Pos>
		</Pattern>
		<Pattern>
			<Bytes>2E</Bytes>
			<Pos>11</Pos>
		</Pattern>
	</FrontBlock>
</TrID>