<TrID ver="2.00">
	<Info>
		<FileType>SBC compressed archive</FileType>
		<Ext>SBC</Ext>
		<ExtraInfo>
			<Rem></Rem>
			<RefURL>http://www.geocities.com/sbcarchiver/</RefURL>
		</ExtraInfo>
		<User>Marco Pontello</User>
		<E-Mail>marcopon@gmail.com</E-Mail>
		<Home>http://mark0.net</Home>
	</Info>
	<General>
		<FileNum>7</FileNum>
		<Date>
			<Year>2003</Year>
			<Month>11</Month>
			<Day>25</Day>
		</Date>
		<Time>
			<Hour>11</Hour>
			<Min>17</Min>
			<Sec>34</Sec>
		</Time>
		<Creator>TrIDScan32 v1.55</Creator>
	</General>
	<FrontBlock>
		<Pattern>
			<Bytes>5342431E</Bytes>
			<ASCII> S B C</ASCII>
			<Pos>0</Pos>
		</Pattern>
	</FrontBlock>
</TrID>
