<TrID ver="1.16">
    <Info>
        <FileType>ESP - Extension Sort Packer compressed archive</FileType>
        <Ext>ESP</Ext>
        <User>Marco Pontello</User>
        <E-Mail>marcopon@gmail.com</E-Mail>
        <Home>http://mark0.net</Home>
    </Info>
    <General>
        <FileNum>5</FileNum>
        <Date>
            <Year>2003</Year>
            <Month>07</Month>
            <Day>22</Day>
        </Date>
        <Time>
            <Hour>00</Hour>
            <Min>36</Min>
            <Sec>28</Sec>
        </Time>
        <Creator>TrIDScan32 v1.00.1</Creator>
    </General>
    <FrontBlock>
        <Pattern>
            <Bytes>4553503E</Bytes>
            <ASCII> E S P</ASCII>
            <Pos>0</Pos>
        </Pattern>
    </FrontBlock>
</TrID>
