<TrID ver="2.00">
	<Info>
		<FileType>szip compressed</FileType>
		<Ext></Ext>
		<ExtraInfo>
			<Rem>Szip is a freeware portable general purpose lossless compression program. It has a high speed and compression, but high memory demands (up to 20MB) too.</Rem>
			<RefURL>http://www.compressconsult.com/szip/</RefURL>
		</ExtraInfo>
		<User>Marco Pontello</User>
		<E-Mail>marcopon@gmail.com</E-Mail>		<Home>http://mark0.net</Home>
	</Info>
	<General>
		<FileNum>6</FileNum>
		<Refine>2 by Marco Pontello</Refine>
		<Date>
			<Year>2004</Year>
			<Month>09</Month>
			<Day>05</Day>
		</Date>
		<Time>
			<Hour>13</Hour>
			<Min>58</Min>
			<Sec>24</Sec>
		</Time>
		<Creator>TrIDScan32 v1.55</Creator>
	</General>
	<FrontBlock>
		<Pattern>
			<Bytes>535A0A04</Bytes>
			<ASCII> S Z</ASCII>
			<Pos>0</Pos>
		</Pattern>
		<Pattern>
			<Bytes>4248</Bytes>
			<ASCII> B H</ASCII>
			<Pos>6</Pos>
		</Pattern>
	</FrontBlock>
</TrID>
