<TrID ver="2.00">
	<Info>
		<FileType>ZIP compressed archive</FileType>
		<Ext>ZIP</Ext>
		<ExtraInfo>
			<Rem></Rem>
			<RefURL></RefURL>
		</ExtraInfo>
		<User>Marco Pontello</User>
		<E-Mail>marcopon@gmail.com</E-Mail>		<Home>http://mark0.net</Home>
	</Info>
	<General>
		<FileNum>20</FileNum>
		<Refine>68 by Marco Pontello</Refine>
		<Date>
			<Year>2004</Year>
			<Month>08</Month>
			<Day>06</Day>
		</Date>
		<Time>
			<Hour>13</Hour>
			<Min>00</Min>
			<Sec>07</Sec>
		</Time>
		<Creator>TrIDScan32 v1.55</Creator>
	</General>
	<FrontBlock>
		<Pattern>
			<Bytes>504B0304</Bytes>
			<ASCII> P K</ASCII>
			<Pos>0</Pos>
		</Pattern>
	</FrontBlock>
</TrID>
