<TrID ver="2.00">
    <Info>
        <FileType>lzop compressed</FileType>
        <Ext>LZO</Ext>
        <ExtraInfo>
            <Rem></Rem>
            <RefURL>http://www.lzop.org/</RefURL>
        </ExtraInfo>
        <User>Marco Pontello</User>
        <E-Mail>marcopon@gmail.com</E-Mail>
        <Home>http://mark0.net</Home>
    </Info>
    <General>
        <FileNum>5</FileNum>
        <Date>
            <Year>2003</Year>
            <Month>11</Month>
            <Day>26</Day>
        </Date>
        <Time>
            <Hour>13</Hour>
            <Min>34</Min>
            <Sec>15</Sec>
        </Time>
        <Creator>TrIDScan32 v1.55</Creator>
    </General>
    <FrontBlock>
        <Pattern>
            <Bytes>894C5A4F000D0A1A</Bytes>
            <ASCII> . L Z O . . . .</ASCII>
            <Pos>0</Pos>
        </Pattern>
    </FrontBlock>
</TrID>
