<TrID ver="2.00">
    <Info>
        <FileType>Squish compressed</FileType>
        <Ext></Ext>
        <ExtraInfo>
            <Rem>Squish is an old DOS compressor / decompress by Mike Albert</Rem>
            <RefURL>ftp://ftp.externet.hu/pub/mirror/sac/pack/squish10.zip</RefURL>
        </ExtraInfo>
        <User>Marco Pontello</User>
        <E-Mail>marcopon@gmail.com</E-Mail>
        <Home>http://mark0.net</Home>
    </Info>
    <General>
        <FileNum>5</FileNum>
        <Date>
            <Year>2003</Year>
            <Month>12</Month>
            <Day>07</Day>
        </Date>
        <Time>
            <Hour>20</Hour>
            <Min>50</Min>
            <Sec>58</Sec>
        </Time>
        <Creator>TrIDScan32 v1.55</Creator>
    </General>
    <FrontBlock>
        <Pattern>
            <Bytes>73B290F4</Bytes>
            <ASCII> s</ASCII>
            <Pos>0</Pos>
        </Pattern>
    </FrontBlock>
</TrID>
