<TrID ver="2.00">
	<Info>
		<FileType>Pretty Simple Archiver compressed archive</FileType>
		<Ext>PSA</Ext>
		<ExtraInfo>
			<Rem>PSA is an old compression program by Serge Pachkovsky.</Rem>
			<RefURL></RefURL>
		</ExtraInfo>
		<User>Marco Pontello</User>
		<E-Mail>marcopon@gmail.com</E-Mail>
		<Home>http://mark0.net</Home>	</Info>
	<General>
		<FileNum>2</FileNum>
		<Date>
			<Year>2006</Year>
			<Month>05</Month>
			<Day>29</Day>
		</Date>
		<Time>
			<Hour>14</Hour>
			<Min>15</Min>
			<Sec>21</Sec>
		</Time>
		<Creator>TrIDScan32 v1.56</Creator>
	</General>
	<FrontBlock>
		<Pattern>
			<Bytes>5053410103</Bytes>
			<ASCII> P S A</ASCII>
			<Pos>0</Pos>
		</Pattern>
	</FrontBlock>
</TrID>
