<TrID ver="2.00">
	<Info>
		<FileType>WinHki compressed archive</FileType>
		<Ext>HKI</Ext>
		<ExtraInfo>
			<Rem></Rem>
			<RefURL>http://www.winhki.com/en/index.htm</RefURL>
		</ExtraInfo>
		<User>Marco Pontello</User>
		<E-Mail>marcopon@gmail.com</E-Mail>
		<Home>http://mark0.net</Home>
	</Info>
	<General>
		<FileNum>3</FileNum>
		<CheckStrings>True</CheckStrings>
		<Date>
			<Year>2004</Year>
			<Month>09</Month>
			<Day>05</Day>
		</Date>
		<Time>
			<Hour>14</Hour>
			<Min>19</Min>
			<Sec>16</Sec>
		</Time>
		<Creator>TrIDScan32 v1.55</Creator>
	</General>
	<FrontBlock>
		<Pattern>
			<Bytes>615C040514410000FD00</Bytes>
			<ASCII> a \ . . . A</ASCII>
			<Pos>0</Pos>
		</Pattern>
	</FrontBlock>
</TrID>
