<TrID ver="1.16">
	<Info>
		<FileType>Crush compressed archive</FileType>
		<Ext>CRU</Ext>
		<User>Marco Pontello</User>
		<E-Mail>marcopon@gmail.com</E-Mail>
		<Home>http://mark0.net</Home>
	</Info>
	<General>
		<FileNum>7</FileNum>
		<Date>
			<Year>2003</Year>
			<Month>07</Month>
			<Day>16</Day>
		</Date>
		<Time>
			<Hour>15</Hour>
			<Min>17</Min>
			<Sec>18</Sec>
		</Time>
		<Creator>TrIDScan32 v1.00.1</Creator>
	</General>
	<FrontBlock>
		<Pattern>
			<Bytes>43525553482076</Bytes>
			<ASCII> C R U S H	v</ASCII>
			<Pos>0</Pos>
		</Pattern>
	</FrontBlock>
</TrID>
