<TrID ver="1.18">
    <Info>
        <FileType>UNIX Compressed file</FileType>
        <Ext>Z</Ext>
        <ExtraInfo>
            <Rem></Rem>
            <RefURL>http://en.wikipedia.org/wiki/Compress</RefURL>
        </ExtraInfo>
        <User>Marco Pontello</User>
        <E-Mail>marcopon@gmail.com</E-Mail>
        <Home>http://mark0.net</Home>
    </Info>
    <General>
        <FileNum>3</FileNum>
        <Date>
            <Year>2003</Year>
            <Month>10</Month>
            <Day>12</Day>
        </Date>
        <Time>
            <Hour>20</Hour>
            <Min>44</Min>
            <Sec>28</Sec>
        </Time>
        <Creator>TrIDScan32 v1.23</Creator>
    </General>
    <FrontBlock>
        <Pattern>
            <Bytes>1F9D90</Bytes>
            <Pos>0</Pos>
        </Pattern>
    </FrontBlock>
</TrID>
