<TrID ver="2.00">
	<Info>
		<FileType>FreeArc compressed archive</FileType>
		<Ext>ARC</Ext>
		<ExtraInfo>
			<Rem>A compression tool written in Haskell by Bulat Ziganshin.</Rem>
			<RefURL>http://www.haskell.org/bz/</RefURL>
		</ExtraInfo>
		<User>Marco Pontello</User>
		<E-Mail>marcopon@gmail.com</E-Mail>
		<Home>http://mark0.net</Home>	</Info>
	<General>
		<FileNum>7</FileNum>
		<Date>
			<Year>2007</Year>
			<Month>07</Month>
			<Day>23</Day>
		</Date>
		<Time>
			<Hour>17</Hour>
			<Min>23</Min>
			<Sec>24</Sec>
		</Time>
		<Creator>TrIDScan32 v1.56</Creator>
	</General>
	<FrontBlock>
		<Pattern>
			<Bytes>41724301</Bytes>
			<ASCII> A r C</ASCII>
			<Pos>0</Pos>
		</Pattern>
	</FrontBlock>
</TrID>
