<TrID ver="1.15">
    <Info>
        <FileType>SIT compressed archive</FileType>
        <Ext>SIT</Ext>
        <User>Marco Pontello</User>
        <E-Mail>marcopon@gmail.com</E-Mail>
        <Home>http://mark0.net</Home>
    </Info>
    <General>
        <FileNum>8</FileNum>
        <Date>
            <Year>2003</Year>
            <Month>07</Month>
            <Day>01</Day>
        </Date>
        <Time>
            <Hour>02</Hour>
            <Min>15</Min>
            <Sec>22</Sec>
        </Time>
        <Creator>TrIDScan32 v0.54.4b</Creator>
    </General>
    <FrontBlock>
        <Pattern>
            <Bytes>5349542100</Bytes>
            <Pos>0</Pos>
        </Pattern>
        <Pattern>
            <Bytes>00</Bytes>
            <Pos>6</Pos>
        </Pattern>
        <Pattern>
            <Bytes>724C617502</Bytes>
            <Pos>10</Pos>
        </Pattern>
    </FrontBlock>
</TrID>
