<TrID ver="1.16">
    <Info>
        <FileType>Bag archive</FileType>
        <Ext>BAG</Ext>
        <User>Marco Pontello</User>
        <E-Mail>marcopon@gmail.com</E-Mail>
        <Home>http://mark0.net</Home>
    </Info>
    <General>
        <FileNum>6</FileNum>
        <Date>
            <Year>2003</Year>
            <Month>07</Month>
            <Day>16</Day>
        </Date>
        <Time>
            <Hour>13</Hour>
            <Min>28</Min>
            <Sec>43</Sec>
        </Time>
        <Creator>TrIDScan32 v1.00.1</Creator>
    </General>
    <FrontBlock>
        <Pattern>
            <Bytes>4241473131</Bytes>
            <ASCII> B A G 1 1</ASCII>
            <Pos>0</Pos>
        </Pattern>
    </FrontBlock>
</TrID>
