<TrID ver="2.00">
	<Info>
		<FileType>UltraCompressor 2 Archive</FileType>
		<Ext>UC2</Ext>
		<ExtraInfo>
			<Rem></Rem>
			<RefURL></RefURL>
		</ExtraInfo>
		<User>Marco Pontello</User>
		<E-Mail>marcopon@gmail.com</E-Mail>
		<Home>http://mark0.net</Home>
	</Info>
	<General>
		<FileNum>13</FileNum>
		<Refine>1 by Marco Pontello</Refine>
		<Date>
			<Year>2005</Year>
			<Month>11</Month>
			<Day>17</Day>
		</Date>
		<Time>
			<Hour>00</Hour>
			<Min>27</Min>
			<Sec>02</Sec>
		</Time>
		<Creator>TrIDScan32 v1.56</Creator>
	</General>
	<FrontBlock>
		<Pattern>
			<Bytes>5543321A</Bytes>
			<ASCII> U C 2</ASCII>
			<Pos>0</Pos>
		</Pattern>
	</FrontBlock>
</TrID>
