<TrID ver="2.00">
	<Info>
		<FileType>paq8o8 compressed archive</FileType>
		<Ext>PAQ8O8</Ext>
		<ExtraInfo>
			<Rem></Rem>
			<RefURL>http://en.wikipedia.org/wiki/PAQ</RefURL>
		</ExtraInfo>
		<User>Marco Pontello</User>
		<E-Mail>marcopon@gmail.com</E-Mail>
		<Home>http://mark0.net</Home>	</Info>
	<General>
		<FileNum>3</FileNum>
		<Date>
			<Year>2007</Year>
			<Month>12</Month>
			<Day>17</Day>
		</Date>
		<Time>
			<Hour>14</Hour>
			<Min>37</Min>
			<Sec>14</Sec>
		</Time>
		<Creator>TrIDScan32 v1.56</Creator>
	</General>
	<FrontBlock>
		<Pattern>
			<Bytes>706171386F38</Bytes>
			<ASCII> p a q 8 o 8</ASCII>
			<Pos>0</Pos>
		</Pattern>
	</FrontBlock>
</TrID>
