<TrID ver="2.00">
    <Info>
        <FileType>BioArk compressed archive</FileType>
        <Ext>BIO</Ext>
        <ExtraInfo>
            <Rem></Rem>
            <RefURL>http://www.downloadfreetrial.com/utilities/util2090.html</RefURL>
        </ExtraInfo>
        <User>Marco Pontello</User>
        <E-Mail>marcopon@gmail.com</E-Mail>
        <Home>http://mark0.net</Home>
    </Info>
    <General>
        <FileNum>6</FileNum>
        <Date>
            <Year>2003</Year>
            <Month>12</Month>
            <Day>26</Day>
        </Date>
        <Time>
            <Hour>14</Hour>
            <Min>10</Min>
            <Sec>43</Sec>
        </Time>
        <Creator>TrIDScan32 v1.55</Creator>
    </General>
    <FrontBlock>
        <Pattern>
            <Bytes>42696F41726321</Bytes>
            <ASCII> B i o A r c !</ASCII>
            <Pos>0</Pos>
        </Pattern>
    </FrontBlock>
</TrID>
