<TrID ver="2.00">
	<Info>
		<FileType>MDCD compressed archive</FileType>
		<Ext>MD</Ext>
		<ExtraInfo>
			<Rem></Rem>
			<RefURL></RefURL>
		</ExtraInfo>
		<User>Marco Pontello</User>
		<E-Mail>marcopon@gmail.com</E-Mail>
		<Home>http://mark0.net</Home>
	</Info>
	<General>
		<FileNum>9</FileNum>
		<Refine>2 by Marco Pontello</Refine>
		<Date>
			<Year>2011</Year>
			<Month>3</Month>
			<Day>21</Day>
		</Date>
		<Time>
			<Hour>13</Hour>
			<Min>23</Min>
			<Sec>26</Sec>
		</Time>
		<Creator>TrIDScan/Py v1.79.11b</Creator>
	</General>
	<FrontBlock>
		<Pattern>
			<Bytes>4D446D640A017A000000</Bytes>
			<ASCII> M D m d . . z</ASCII>
			<Pos>0</Pos>
		</Pattern>
	</FrontBlock>
</TrID>