<TrID ver="1.16">
    <Info>
        <FileType>Acorn Spark Archive</FileType>
        <Ext>SPK/ARC</Ext>
        <User>Marco Pontello</User>
        <E-Mail>marcopon@gmail.com</E-Mail>
        <Home>http://mark0.net</Home>
    </Info>
    <General>
        <FileNum>10</FileNum>
        <Date>
            <Year>2003</Year>
            <Month>07</Month>
            <Day>13</Day>
        </Date>
        <Time>
            <Hour>13</Hour>
            <Min>17</Min>
            <Sec>16</Sec>
        </Time>
        <Creator>TrIDScan32 v1.00.1</Creator>
    </General>
    <FrontBlock>
        <Pattern>
            <Bytes>1A</Bytes>
            <Pos>0</Pos>
        </Pattern>
        <Pattern>
            <Bytes>21</Bytes>
            <ASCII> !</ASCII>
            <Pos>2</Pos>
        </Pattern>
        <Pattern>
            <Bytes>00</Bytes>
            <Pos>18</Pos>
        </Pattern>
        <Pattern>
            <Bytes>00</Bytes>
            <Pos>28</Pos>
        </Pattern>
        <Pattern>
            <Bytes>FF</Bytes>
            <Pos>32</Pos>
        </Pattern>
        <Pattern>
            <Bytes>000000</Bytes>
            <Pos>38</Pos>
        </Pattern>
    </FrontBlock>
</TrID>
