<TrID ver="1.16">
	<Info>
		<FileType>BIX Archiver compressed archive</FileType>
		<Ext>BIX</Ext>
		<User>Marco Pontello</User>
		<E-Mail>marcopon@gmail.com</E-Mail>
		<Home>http://mark0.net</Home>
	</Info>
	<General>
		<FileNum>8</FileNum>
		<Date>
			<Year>2003</Year>
			<Month>07</Month>
			<Day>22</Day>
		</Date>
		<Time>
			<Hour>11</Hour>
			<Min>37</Min>
			<Sec>11</Sec>
		</Time>
		<Creator>TrIDScan32 v1.00.1</Creator>
	</General>
	<FrontBlock>
		<Pattern>
			<Bytes>42495830C1B8039AF1</Bytes>
			<ASCII> B I X 0</ASCII>
			<Pos>0</Pos>
		</Pattern>
	</FrontBlock>
</TrID>
