<TrID ver="2.00">
	<Info>
		<FileType>WINDEV compressed archive</FileType>
		<Ext>WDZ</Ext>
		<ExtraInfo>
			<Rem></Rem>
			<RefURL>http://www.windev.com</RefURL>
		</ExtraInfo>
		<User>Marco Pontello</User>
		<E-Mail>marcopon@gmail.com</E-Mail>
		<Home>http://mark0.net</Home>
	</Info>
	<General>
		<FileNum>21</FileNum>
		<Date>
			<Year>2005</Year>
			<Month>05</Month>
			<Day>03</Day>
		</Date>
		<Time>
			<Hour>10</Hour>
			<Min>58</Min>
			<Sec>34</Sec>
		</Time>
		<Creator>TrIDScan32 v1.56</Creator>
	</General>
	<FrontBlock>
		<Pattern>
			<Bytes>57445A4950</Bytes>
			<ASCII> W D Z I P</ASCII>
			<Pos>0</Pos>
		</Pattern>
	</FrontBlock>
</TrID>
