<TrID ver="2.00">
	<Info>
        <FileType>Streamline compressed archive</FileType>
		<Ext>SAR</Ext>
		<ExtraInfo>
			<Rem></Rem>
			<RefURL></RefURL>
		</ExtraInfo>
		<User>Marco Pontello</User>
		<E-Mail>marcopon@gmail.com</E-Mail>		<Home>http://mark0.net</Home>
	</Info>
	<General>
		<FileNum>4</FileNum>
		<Date>
			<Year>2004</Year>
			<Month>06</Month>
			<Day>18</Day>
		</Date>
		<Time>
			<Hour>02</Hour>
			<Min>06</Min>
			<Sec>55</Sec>
		</Time>
		<Creator>TrIDScan32 v1.55</Creator>
	</General>
	<FrontBlock>
		<Pattern>
			<Bytes>204C483520</Bytes>
			<ASCII>   L H 5</ASCII>
			<Pos>2</Pos>
		</Pattern>
		<Pattern>
			<Bytes>00</Bytes>
			<Pos>10</Pos>
		</Pattern>
	</FrontBlock>
</TrID>
