<TrID ver="2.00">
    <Info>
        <FileType>RAR Archive</FileType>
        <Ext>RAR</Ext>
        <ExtraInfo>
            <Rem></Rem>
            <RefURL>http://www.rarlabs.com</RefURL>
        </ExtraInfo>
        <User>Marco Pontello</User>
        <E-Mail>marcopon@gmail.com</E-Mail>
        <Home></Home>
    </Info>
    <General>
        <FileNum>35</FileNum>
        <Date>
            <Year>2004</Year>
            <Month>01</Month>
            <Day>30</Day>
        </Date>
        <Time>
            <Hour>20</Hour>
            <Min>03</Min>
            <Sec>18</Sec>
        </Time>
        <Creator>TrIDScan32 v1.55</Creator>
    </General>
    <FrontBlock>
        <Pattern>
            <Bytes>526172211A</Bytes>
            <ASCII> R a r !</ASCII>
            <Pos>0</Pos>
        </Pattern>
    </FrontBlock>
</TrID>
