<TrID ver="2.00">
	<Info>
		<FileType>BSA Packing program compressed archive</FileType>
		<Ext>BSN</Ext>
		<ExtraInfo>
			<Rem></Rem>
			<RefURL></RefURL>
		</ExtraInfo>
		<User>Marco Pontello</User>
		<E-Mail>marcopon@gmail.com</E-Mail>
		<Home>http://mark0.net</Home>
	</Info>
	<General>
		<FileNum>7</FileNum>
		<Refine>3 by Marco Pontello</Refine>
		<Date>
			<Year>2003</Year>
			<Month>12</Month>
			<Day>26</Day>
		</Date>
		<Time>
			<Hour>13</Hour>
			<Min>58</Min>
			<Sec>38</Sec>
		</Time>
		<Creator>TrIDScan32 v1.55</Creator>
	</General>
	<FrontBlock>
		<Pattern>
			<Bytes>FF42534700</Bytes>
			<ASCII> . B S G</ASCII>
			<Pos>0</Pos>
		</Pattern>
		<Pattern>
			<Bytes>FF42534100</Bytes>
			<ASCII> . B S A</ASCII>
			<Pos>6</Pos>
		</Pattern>
	</FrontBlock>
</TrID>
