<TrID ver="2.00">
	<Info>
		<FileType>Setup Program Archive</FileType>
		<Ext>MVA</Ext>
		<ExtraInfo>
			<Rem></Rem>
			<RefURL></RefURL>
		</ExtraInfo>
		<User>Marco Pontello</User>
		<E-Mail>marcopon@gmail.com</E-Mail>
		<Home>http://mark0.net</Home>	</Info>
	<General>
		<FileNum>22</FileNum>
		<Date>
			<Year>2008</Year>
			<Month>01</Month>
			<Day>25</Day>
		</Date>
		<Time>
			<Hour>02</Hour>
			<Min>22</Min>
			<Sec>35</Sec>
		</Time>
		<Creator>TrIDScan32 v1.56</Creator>
	</General>
	<FrontBlock>
		<Pattern>
			<Bytes>6D666C68</Bytes>
			<ASCII> m f l h</ASCII>
			<Pos>0</Pos>
		</Pattern>
		<Pattern>
			<Bytes>6D66656E</Bytes>
			<ASCII> m f e n</ASCII>
			<Pos>8</Pos>
		</Pattern>
		<Pattern>
			<Bytes>3A5C</Bytes>
			<ASCII> : \</ASCII>
			<Pos>25</Pos>
		</Pattern>
	</FrontBlock>
</TrID>
