<TrID ver="2.00">
	<Info>
		<FileType>PAQ8F compressed archive</FileType>
		<Ext>PAQ8F</Ext>
		<ExtraInfo>
			<Rem></Rem>
			<RefURL>http://en.wikipedia.org/wiki/PAQ</RefURL>
		</ExtraInfo>
		<User>Marco Pontello</User>
		<E-Mail>marcopon@gmail.com</E-Mail>
		<Home>http://mark0.net</Home>
	</Info>
	<General>
		<FileNum>4</FileNum>
		<Date>
			<Year>2012</Year>
			<Month>1</Month>
			<Day>10</Day>
		</Date>
		<Time>
			<Hour>11</Hour>
			<Min>17</Min>
			<Sec>16</Sec>
		</Time>
		<Creator>TrIDScan/Py v1.79.12b</Creator>
	</General>
	<FrontBlock>
		<Pattern>
			<Bytes>7061713866202D</Bytes>
			<ASCII> p a q 8 f   -</ASCII>
			<Pos>0</Pos>
		</Pattern>
		<Pattern>
			<Bytes>0D0A</Bytes>
			<Pos>8</Pos>
		</Pattern>
	</FrontBlock>
</TrID>