<TrID ver="1.16">
    <Info>
        <FileType>Acorn PackDir compressed Archive </FileType>
        <Ext></Ext>
        <User>Marco Pontello</User>
        <E-Mail>marcopon@gmail.com</E-Mail>
        <Home>http://mark0.net</Home>
    </Info>
    <General>
        <FileNum>6</FileNum>
        <Date>
            <Year>2003</Year>
            <Month>07</Month>
            <Day>13</Day>
        </Date>
        <Time>
            <Hour>13</Hour>
            <Min>06</Min>
            <Sec>58</Sec>
        </Time>
        <Creator>TrIDScan32 v1.00.1</Creator>
    </General>
    <FrontBlock>
        <Pattern>
            <Bytes>5041434B</Bytes>
            <ASCII> P A C K</ASCII>
            <Pos>0</Pos>
        </Pattern>
    </FrontBlock>
</TrID>

