<TrID ver="2.00">
	<Info>
		<FileType>Quake archive</FileType>
		<Ext>PAK</Ext>
		<ExtraInfo>
			<Rem></Rem>
			<RefURL></RefURL>
		</ExtraInfo>
		<User>Marco Pontello</User>
		<E-Mail>marcopon@gmail.com</E-Mail>
		<Home>http://mark0.net</Home>	</Info>
	<General>
		<FileNum>2</FileNum>
		<CheckStrings>True</CheckStrings>
		<Date>
			<Year>2007</Year>
			<Month>02</Month>
			<Day>12</Day>
		</Date>
		<Time>
			<Hour>09</Hour>
			<Min>49</Min>
			<Sec>42</Sec>
		</Time>
		<Creator>TrIDScan32 v1.56</Creator>
	</General>
	<FrontBlock>
		<Pattern>
			<Bytes>5041434B</Bytes>
			<ASCII> P A C K</ASCII>
			<Pos>0</Pos>
		</Pattern>
	</FrontBlock>
</TrID>
