<TrID ver="2.00">
	<Info>
		<FileType>GRZip compressed archive</FileType>
		<Ext>GRZ</Ext>
		<ExtraInfo>
			<Rem></Rem>
			<RefURL>http://freshmeat.net/projects/grzip/</RefURL>
		</ExtraInfo>
		<User>Marco Pontello</User>
		<E-Mail>marcopon@gmail.com</E-Mail>
		<Home>http://mark0.net</Home>
	</Info>
	<General>
		<FileNum>5</FileNum>
		<Refine>1 by Marco Pontello</Refine>
		<Date>
			<Year>2008</Year>
			<Month>01</Month>
			<Day>18</Day>
		</Date>
		<Time>
			<Hour>15</Hour>
			<Min>49</Min>
			<Sec>15</Sec>
		</Time>
		<Creator>TrIDScan32 v1.56</Creator>
	</General>
	<FrontBlock>
		<Pattern>
			<Bytes>47525A</Bytes>
			<ASCII> G R Z</ASCII>
			<Pos>0</Pos>
		</Pattern>
		<Pattern>
			<Bytes>00</Bytes>
			<Pos>5</Pos>
		</Pattern>
	</FrontBlock>
</TrID>
