<TrID ver="1.16">
	<Info>
		<FileType>RESOF compressed archive</FileType>
		<Ext>SOF</Ext>
		<User>Marco Pontello</User>
		<E-Mail>marcopon@gmail.com</E-Mail>
		<Home>http://mark0.net</Home>
	</Info>
	<General>
		<FileNum>4</FileNum>
		<Date>
			<Year>2003</Year>
			<Month>07</Month>
			<Day>22</Day>
		</Date>
		<Time>
			<Hour>16</Hour>
			<Min>17</Min>
			<Sec>01</Sec>
		</Time>
		<Creator>TrIDScan32 v1.00.1</Creator>
	</General>
	<FrontBlock>
		<Pattern>
			<Bytes>504B03060A000000</Bytes>
			<ASCII> P K</ASCII>
			<Pos>0</Pos>
		</Pattern>
	</FrontBlock>
</TrID>
