<TrID ver="2.00">
	<Info>
		<FileType>SPIS TCompress archive</FileType>
		<Ext></Ext>
		<ExtraInfo>
			<Rem>Created by SPIS "TCompress" Borland Delphi component.</Rem>
			<RefURL></RefURL>
		</ExtraInfo>
		<User>Marco Pontello</User>
		<E-Mail>marcopon@gmail.com</E-Mail>
		<Home>http://mark0.net</Home>	</Info>
	<General>
		<FileNum>7</FileNum>
		<Date>
			<Year>2008</Year>
			<Month>05</Month>
			<Day>01</Day>
		</Date>
		<Time>
			<Hour>03</Hour>
			<Min>46</Min>
			<Sec>16</Sec>
		</Time>
		<Creator>TrIDScan32 v1.56</Creator>
	</General>
	<FrontBlock>
		<Pattern>
			<Bytes>535049531A</Bytes>
			<ASCII> S P I S</ASCII>
			<Pos>0</Pos>
		</Pattern>
	</FrontBlock>
</TrID>
