<TrID ver="2.00">
	<Info>
		<FileType>CD Autorun Creator package</FileType>
		<Ext>ARN</Ext>
		<ExtraInfo>
			<Rem></Rem>
			<RefURL>http://www.dswteam.com/cdac.htm</RefURL>
		</ExtraInfo>
		<User>Marco Pontello</User>
		<E-Mail>marcopon@gmail.com</E-Mail>
		<Home>http://mark0.net</Home>	</Info>
	<General>
		<FileNum>2</FileNum>
		<Date>
			<Year>2007</Year>
			<Month>09</Month>
			<Day>06</Day>
		</Date>
		<Time>
			<Hour>16</Hour>
			<Min>18</Min>
			<Sec>59</Sec>
		</Time>
		<Creator>TrIDScan32 v1.56</Creator>
	</General>
	<FrontBlock>
		<Pattern>
			<Bytes>4344204155544F52554E2043524541544F52205041434B414745</Bytes>
			<ASCII> C D   A U T O R U N   C R E A T O R   P A C K A G E</ASCII>
			<Pos>0</Pos>
		</Pattern>
	</FrontBlock>
</TrID>
