<TrID ver="2.00">
	<Info>
		<FileType>Audition Play Data</FileType>
		<Ext>ARP</Ext>
		<ExtraInfo>
			<Rem></Rem>
			<RefURL>http://www.adobe.com/products/audition/</RefURL>
		</ExtraInfo>
		<User>Marco Pontello</User>
		<E-Mail>marcopon@gmail.com</E-Mail>
		<Home>http://mark0.net</Home>	</Info>
	<General>
		<FileNum>5</FileNum>
		<Date>
			<Year>2006</Year>
			<Month>09</Month>
			<Day>11</Day>
		</Date>
		<Time>
			<Hour>11</Hour>
			<Min>00</Min>
			<Sec>50</Sec>
		</Time>
		<Creator>TrIDScan32 v1.56</Creator>
	</General>
	<FrontBlock>
		<Pattern>
			<Bytes>4175646974696F6E20506C61792044617461202F2A2076657220</Bytes>
			<ASCII> A u d i t i o n   P l a y   D a t a   / *   v e r</ASCII>
			<Pos>0</Pos>
		</Pattern>
		<Pattern>
			<Bytes>2E</Bytes>
			<Pos>27</Pos>
		</Pattern>
	</FrontBlock>
</TrID>
