<TrID ver="2.00">
	<Info>
		<FileType>Carmageddon Saved Game</FileType>
		<Ext>ARS</Ext>
		<ExtraInfo>
			<Rem></Rem>
			<RefURL>http://en.wikipedia.org/wiki/Carmageddon</RefURL>
		</ExtraInfo>
		<User>Marco Pontello</User>
		<E-Mail>marcopon@gmail.com</E-Mail>
		<Home>http://mark0.net</Home>
	</Info>
	<General>
		<FileNum>5</FileNum>
		<Date>
			<Year>2012</Year>
			<Month>3</Month>
			<Day>13</Day>
		</Date>
		<Time>
			<Hour>22</Hour>
			<Min>48</Min>
			<Sec>12</Sec>
		</Time>
		<Creator>TrIDScan/Py v1.79.12b</Creator>
	</General>
	<FrontBlock>
		<Pattern>
			<Bytes>78563412</Bytes>
			<ASCII> x V 4</ASCII>
			<Pos>0</Pos>
		</Pattern>
		<Pattern>
			<Bytes>000000000000003C014541474C45332E54585400</Bytes>
			<ASCII> . . . . . . . . . E A G L E 3 . T X T</ASCII>
			<Pos>9</Pos>
		</Pattern>
	</FrontBlock>
</TrID>