<TrID ver="2.00">
	<Info>
		<FileType>Android Package Resource</FileType>
		<Ext>ARSC</Ext>
		<ExtraInfo>
			<Rem></Rem>
			<RefURL>http://en.wikipedia.org/wiki/Android_%28operating_system%29</RefURL>
		</ExtraInfo>
		<User>Marco Pontello</User>
		<E-Mail>marcopon@gmail.com</E-Mail>
		<Home>http://mark0.net</Home>
	</Info>
	<General>
		<FileNum>7</FileNum>
		<CheckStrings>True</CheckStrings>
		<Date>
			<Year>2011</Year>
			<Month>3</Month>
			<Day>31</Day>
		</Date>
		<Time>
			<Hour>1</Hour>
			<Min>7</Min>
			<Sec>7</Sec>
		</Time>
		<Creator>TrIDScan/Py v1.79.11b</Creator>
	</General>
	<FrontBlock>
		<Pattern>
			<Bytes>02000C00</Bytes>
			<Pos>0</Pos>
		</Pattern>
		<Pattern>
			<Bytes>000100000001001C00</Bytes>
			<Pos>7</Pos>
		</Pattern>
	</FrontBlock>
	<GlobalStrings>
		<String>A'N'D'R'O'I'D</String>
	</GlobalStrings>
</TrID>