<TrID ver="2.00">
	<Info>
		<FileType>ArtCam model</FileType>
		<Ext>ART</Ext>
		<ExtraInfo>
			<Rem></Rem>
			<RefURL>http://www.artcam.com/</RefURL>
		</ExtraInfo>
		<User>Marco Pontello</User>
		<E-Mail>marcopon@gmail.com</E-Mail>
		<Home>http://mark0.net</Home>
	</Info>
	<General>
		<FileNum>19</FileNum>
		<CheckStrings>True</CheckStrings>
		<Date>
			<Year>2012</Year>
			<Month>4</Month>
			<Day>25</Day>
		</Date>
		<Time>
			<Hour>3</Hour>
			<Min>35</Min>
			<Sec>29</Sec>
		</Time>
		<Creator>TrIDScan/Py v1.80</Creator>
	</General>
	<FrontBlock>
		<Pattern>
			<Bytes>D0CF11E0A1B11AE1</Bytes>
			<Pos>0</Pos>
		</Pattern>
		<Pattern>
			<Bytes>52006F006F007400200045006E007400720079</Bytes>
			<ASCII> R . o . o . t .   . E . n . t . r . y</ASCII>
			<Pos>1024</Pos>
		</Pattern>
		<Pattern>
			<Bytes>410072007400430041004D</Bytes>
			<ASCII> A . r . t . C . A . M</ASCII>
			<Pos>1152</Pos>
		</Pattern>
	</FrontBlock>
	<GlobalStrings>
		<String>MAXIMUM HEIGHT RANGE WHICH CAN BE REPRESENTED IN THE RELIEF IS</String>
		<String>VERTICAL RESOLUTION FOR POINTS IN THE RELIEF IS</String>
		<String>MAXIMUM HEIGHT IN THE RELIEF IS</String>
		<String>IN REAL UNITS THE RELIEF IS</String>
		<String>V'E'C'T'O'R'D'O'C'U'M'E'N'T</String>
		<String>C'O'L'O'U'R'T'A'B'L'E</String>
		<String>P'A'R'A'M'E'T'E'R'S</String>
		<String>R'O'O'T' 'E'N'T'R'Y</String>
		<String>I'M'A'G'E'D'A'T'A</String>
		<String>MINIMUM HEIGHT IS</String>
		<String>N'O'T'E'S'T'E'X'T</String>
		<String>V'I'E'W'N'A'M'E</String>
		<String>PIXELS WIDE BY</String>
		<String>R'E'L'I'E'F'1</String>
		<String>R'E'L'I'E'F'S</String>
		<String>A'R'T'C'A'M</String>
		<String>PIXELS HIGH</String>
		<String>RELIEF FILE</String>
		<String>MM WIDE BY</String>
		<String>M'O'D'E'L</String>
		<String>V'I'E'W'0</String>
		<String>FCHARSET</String>
		<String>FONTTBL{</String>
		<String>DEFLANG</String>
		<String>MM HIGH</String>
		<String>ARTCAM</String>
		<String>DEFF0</String>
		<String>ANSI</String>
		<String>RTF1</String>
		<String>VIEW</String>
	</GlobalStrings>
</TrID>