<TrID ver="2.00">
	<Info>
		<FileType>Remedy User Tool shortcut</FileType>
		<Ext>ARTASK</Ext>
		<ExtraInfo>
			<Rem></Rem>
			<RefURL></RefURL>
		</ExtraInfo>
		<User>Marco Pontello</User>
		<E-Mail>marcopon@gmail.com</E-Mail>
		<Home>http://mark0.net</Home>
	</Info>
	<General>
		<FileNum>7</FileNum>
		<CheckStrings>True</CheckStrings>
		<Date>
			<Year>2011</Year>
			<Month>4</Month>
			<Day>8</Day>
		</Date>
		<Time>
			<Hour>2</Hour>
			<Min>15</Min>
			<Sec>13</Sec>
		</Time>
		<Creator>TrIDScan/Py v1.79.11b</Creator>
	</General>
	<FrontBlock>
		<Pattern>
			<Bytes>5B53686F72746375745D</Bytes>
			<ASCII> [ S h o r t c u t ]</ASCII>
			<Pos>0</Pos>
		</Pattern>
	</FrontBlock>
	<GlobalStrings>
		<String>SHORTCUT</String>
		<String>SERVER</String>
		<String>TICKET</String>
		<String>NAME</String>
		<String>TYPE</String>
	</GlobalStrings>
</TrID>