<TrID ver="2.00">
	<Info>
		<FileType>Sony digital camera RAW image</FileType>
		<Ext>ARW</Ext>
		<ExtraInfo>
			<Rem></Rem>
			<RefURL>http://en.wikipedia.org/wiki/Raw_image_format</RefURL>
		</ExtraInfo>
		<User>Marco Pontello</User>
		<E-Mail>marcopon@gmail.com</E-Mail>
		<Home>http://mark0.net</Home>
	</Info>
	<General>
		<FileNum>25</FileNum>
		<CheckStrings>True</CheckStrings>
		<Date>
			<Year>2013</Year>
			<Month>10</Month>
			<Day>1</Day>
		</Date>
		<Time>
			<Hour>16</Hour>
			<Min>48</Min>
			<Sec>27</Sec>
		</Time>
		<Creator>TrIDScan/Py v1.90</Creator>
	</General>
	<FrontBlock>
		<Pattern>
			<Bytes>49492A0008000000</Bytes>
			<ASCII> I I *</ASCII>
			<Pos>0</Pos>
		</Pattern>
		<Pattern>
			<Bytes>00FE00040001000000010000000301030001000000060000000E010200</Bytes>
			<Pos>9</Pos>
		</Pattern>
		<Pattern>
			<Bytes>000000</Bytes>
			<Pos>39</Pos>
		</Pattern>
		<Pattern>
			<Bytes>0000000F010200</Bytes>
			<Pos>43</Pos>
		</Pattern>
		<Pattern>
			<Bytes>000000</Bytes>
			<Pos>51</Pos>
		</Pattern>
		<Pattern>
			<Bytes>000010010200</Bytes>
			<Pos>56</Pos>
		</Pattern>
		<Pattern>
			<Bytes>000000</Bytes>
			<Pos>63</Pos>
		</Pattern>
		<Pattern>
			<Bytes>00001201030001000000</Bytes>
			<Pos>68</Pos>
		</Pattern>
		<Pattern>
			<Bytes>0000001A01050001000000</Bytes>
			<Pos>79</Pos>
		</Pattern>
		<Pattern>
			<Bytes>0100001B01050001000000</Bytes>
			<Pos>91</Pos>
		</Pattern>
		<Pattern>
			<Bytes>01000028010300010000000200000031010200</Bytes>
			<ASCII> . . . ( . . . . . . . . . . . 1</ASCII>
			<Pos>103</Pos>
		</Pattern>
		<Pattern>
			<Bytes>000000</Bytes>
			<Pos>123</Pos>
		</Pattern>
		<Pattern>
			<Bytes>0100003201020014000000</Bytes>
			<ASCII> . . . 2</ASCII>
			<Pos>127</Pos>
		</Pattern>
		<Pattern>
			<Bytes>0100004A01040001000000</Bytes>
			<ASCII> . . . J</ASCII>
			<Pos>139</Pos>
		</Pattern>
		<Pattern>
			<Bytes>000102040001000000</Bytes>
			<Pos>153</Pos>
		</Pattern>
		<Pattern>
			<Bytes>000202040001000000</Bytes>
			<Pos>165</Pos>
		</Pattern>
	</FrontBlock>
	<GlobalStrings>
		<String>CDEFGHIJSTUVWXYZCDEFGHIJSTUVWXYZ</String>
		<String>()*456789</String>
		<String>()*56789</String>
		<String>SONY DSC</String>
		<String>STANDARD</String>
		<String>%4I}P</String>
		<String>4}LWI</String>
		<String>$3BR</String>
		<String>-$NH</String>
		<String>0100</String>
		<String>AWP2</String>
		<String>GGR$</String>
		<String>PKCG</String>
		<String>UWQP</String>
		<String>YFJ*</String>
	</GlobalStrings>
</TrID>