<TrID ver="2.00">
	<Info>
		<FileType>Applix spreadsheet</FileType>
		<Ext>AS</Ext>
		<ExtraInfo>
			<Rem></Rem>
			<RefURL>http://www.applix.com</RefURL>
		</ExtraInfo>
		<User>Marco Pontello</User>
		<E-Mail>marcopon@gmail.com</E-Mail>
		<Home>http://mark0.net</Home>	</Info>
	<General>
		<FileNum>10</FileNum>
		<Date>
			<Year>2007</Year>
			<Month>07</Month>
			<Day>11</Day>
		</Date>
		<Time>
			<Hour>14</Hour>
			<Min>59</Min>
			<Sec>20</Sec>
		</Time>
		<Creator>TrIDScan32 v1.56</Creator>
	</General>
	<FrontBlock>
		<Pattern>
			<Bytes>2A424547494E205350524541445348454554532056455253494F4E3D</Bytes>
			<ASCII> * B E G I N   S P R E A D S H E E T S	V E R S I O N =</ASCII>
			<Pos>0</Pos>
		</Pattern>
	</FrontBlock>
</TrID>
