<TrID ver="2.00">
	<Info>
		<FileType>Microsoft ASP.NET Web User Control</FileType>
		<Ext>ASCX</Ext>
		<ExtraInfo>
			<Rem></Rem>
			<RefURL>http://www.microsoft.com/net/</RefURL>
		</ExtraInfo>
		<User>Brendan Hayes</User>
		<E-Mail>brendan@ajiliti.com</E-Mail>
		<Home>http://www.ajiliti.com/</Home>
	</Info>
	<General>
		<FileNum>10</FileNum>
		<Refine>6 by Marco Pontello</Refine>
		<CheckStrings>True</CheckStrings>
		<Date>
			<Year>2010</Year>
			<Month>09</Month>
			<Day>11</Day>
		</Date>
		<Time>
			<Hour>01</Hour>
			<Min>54</Min>
			<Sec>38</Sec>
		</Time>
		<Creator>TrIDScan32 v1.56</Creator>
	</General>
	<FrontBlock>
		<Pattern>
			<Bytes>3C254020</Bytes>
			<ASCII> . % @</ASCII>
			<Pos>0</Pos>
		</Pattern>
	</FrontBlock>
	<GlobalStrings>
		<String>CONTROL LANGUAGE</String>
		<String>INHERITS</String>
	</GlobalStrings>
</TrID>
