<TrID ver="2.00">
	<Info>
		<FileType>Adobe Swatch Exchange File</FileType>
		<Ext>ASE/ASEF</Ext>
		<ExtraInfo>
			<Rem></Rem>
			<RefURL></RefURL>
		</ExtraInfo>
		<User>Marco Pontello</User>
		<E-Mail>marcopon@gmail.com</E-Mail>
		<Home>http://mark0.net</Home>
	</Info>
	<General>
		<FileNum>4</FileNum>
		<Date>
			<Year>2013</Year>
			<Month>12</Month>
			<Day>5</Day>
		</Date>
		<Time>
			<Hour>3</Hour>
			<Min>47</Min>
			<Sec>37</Sec>
		</Time>
		<Creator>TrIDScan/Py v1.90</Creator>
	</General>
	<FrontBlock>
		<Pattern>
			<Bytes>41534546</Bytes>
			<ASCII> A S E F</ASCII>
			<Pos>0</Pos>
		</Pattern>
	</FrontBlock>
</TrID>