<TrID ver="2.00">
	<Info>
		<FileType>askSam database</FileType>
		<Ext>ASK</Ext>
		<ExtraInfo>
			<Rem></Rem>
			<RefURL>http://www.asksam.com</RefURL>
		</ExtraInfo>
		<User>Marco Pontello</User>
		<E-Mail>marcopon@gmail.com</E-Mail>
		<Home>http://mark0.net</Home>
	</Info>
	<General>
		<FileNum>5</FileNum>
		<Date>
			<Year>2008</Year>
			<Month>10</Month>
			<Day>07</Day>
		</Date>
		<Time>
			<Hour>17</Hour>
			<Min>40</Min>
			<Sec>41</Sec>
		</Time>
		<Creator>TrIDScan32 v1.56</Creator>
	</General>
	<FrontBlock>
		<Pattern>
			<Bytes>61736B77</Bytes>
			<ASCII> a s k w</ASCII>
			<Pos>0</Pos>
		</Pattern>
	</FrontBlock>
</TrID>
