<TrID ver="2.00">
	<Info>
		<FileType>ASPack compressed Win32 Executable (generic)</FileType>
		<Ext>EXE</Ext>
		<ExtraInfo>
			<Rem></Rem>
			<RefURL>http://www.aspack.com/</RefURL>
		</ExtraInfo>
		<User>Marco Pontello</User>
		<E-Mail>marcopon@gmail.com</E-Mail>
		<Home>http://mark0.net</Home>
	</Info>
	<General>
		<FileNum>6</FileNum>
		<CheckStrings>True</CheckStrings>
		<Date>
			<Year>2004</Year>
			<Month>03</Month>
			<Day>05</Day>
		</Date>
		<Time>
			<Hour>01</Hour>
			<Min>58</Min>
			<Sec>03</Sec>
		</Time>
		<Creator>TrIDScan32 v1.55</Creator>
	</General>
	<FrontBlock>
		<Pattern>
			<Bytes>4D5A</Bytes>
			<ASCII> M Z</ASCII>
			<Pos>0</Pos>
		</Pattern>
		<Pattern>
			<Bytes>000200000004000F00FFFF0000</Bytes>
			<Pos>3</Pos>
		</Pattern>
		<Pattern>
			<Bytes>000000000000004000</Bytes>
			<ASCII> . . . . . . . @</ASCII>
			<Pos>17</Pos>
		</Pattern>
		<Pattern>
			<Bytes>000000000000000000000000000000000000000000000000000000000000000000</Bytes>
			<Pos>27</Pos>
		</Pattern>
		<Pattern>
			<Bytes>0000</Bytes>
			<Pos>62</Pos>
		</Pattern>
		<Pattern>
			<Bytes>CD21B8014CCD2190905468697320</Bytes>
			<ASCII> . ! . . L . ! . . T h i s</ASCII>
			<Pos>71</Pos>
		</Pattern>
		<Pattern>
			<Bytes>0000000000000000</Bytes>
			<Pos>120</Pos>
		</Pattern>
		<Pattern>
			<Bytes>0000</Bytes>
			<Pos>130</Pos>
		</Pattern>
		<Pattern>
			<Bytes>00</Bytes>
			<Pos>135</Pos>
		</Pattern>
		<Pattern>
			<Bytes>00000000000000000000</Bytes>
			<Pos>138</Pos>
		</Pattern>
		<Pattern>
			<Bytes>00</Bytes>
			<Pos>149</Pos>
		</Pattern>
		<Pattern>
			<Bytes>000000</Bytes>
			<Pos>158</Pos>
		</Pattern>
		<Pattern>
			<Bytes>0000</Bytes>
			<Pos>162</Pos>
		</Pattern>
		<Pattern>
			<Bytes>0000</Bytes>
			<Pos>166</Pos>
		</Pattern>
		<Pattern>
			<Bytes>0000</Bytes>
			<Pos>171</Pos>
		</Pattern>
		<Pattern>
			<Bytes>000000</Bytes>
			<Pos>174</Pos>
		</Pattern>
		<Pattern>
			<Bytes>00000000</Bytes>
			<Pos>178</Pos>
		</Pattern>
		<Pattern>
			<Bytes>0000</Bytes>
			<Pos>183</Pos>
		</Pattern>
		<Pattern>
			<Bytes>000000</Bytes>
			<Pos>186</Pos>
		</Pattern>
		<Pattern>
			<Bytes>0000</Bytes>
			<Pos>190</Pos>
		</Pattern>
		<Pattern>
			<Bytes>00000000000000</Bytes>
			<Pos>193</Pos>
		</Pattern>
		<Pattern>
			<Bytes>0000000000000000</Bytes>
			<Pos>201</Pos>
		</Pattern>
		<Pattern>
			<Bytes>0000</Bytes>
			<Pos>211</Pos>
		</Pattern>
		<Pattern>
			<Bytes>000000000000</Bytes>
			<Pos>214</Pos>
		</Pattern>
		<Pattern>
			<Bytes>0000000000</Bytes>
			<Pos>221</Pos>
		</Pattern>
		<Pattern>
			<Bytes>0000</Bytes>
			<Pos>227</Pos>
		</Pattern>
		<Pattern>
			<Bytes>00000000</Bytes>
			<Pos>230</Pos>
		</Pattern>
		<Pattern>
			<Bytes>0000</Bytes>
			<Pos>235</Pos>
		</Pattern>
		<Pattern>
			<Bytes>000000000000</Bytes>
			<Pos>238</Pos>
		</Pattern>
		<Pattern>
			<Bytes>0000000000000000000000</Bytes>
			<Pos>245</Pos>
		</Pattern>
		<Pattern>
			<Bytes>00</Bytes>
			<Pos>259</Pos>
		</Pattern>
		<Pattern>
			<Bytes>00</Bytes>
			<Pos>263</Pos>
		</Pattern>
		<Pattern>
			<Bytes>0000000000000000</Bytes>
			<Pos>268</Pos>
		</Pattern>
		<Pattern>
			<Bytes>00</Bytes>
			<Pos>277</Pos>
		</Pattern>
		<Pattern>
			<Bytes>00</Bytes>
			<Pos>284</Pos>
		</Pattern>
		<Pattern>
			<Bytes>00</Bytes>
			<Pos>287</Pos>
		</Pattern>
		<Pattern>
			<Bytes>00</Bytes>
			<Pos>291</Pos>
		</Pattern>
		<Pattern>
			<Bytes>000000</Bytes>
			<Pos>293</Pos>
		</Pattern>
		<Pattern>
			<Bytes>0000</Bytes>
			<Pos>299</Pos>
		</Pattern>
		<Pattern>
			<Bytes>000000</Bytes>
			<Pos>302</Pos>
		</Pattern>
		<Pattern>
			<Bytes>000000</Bytes>
			<Pos>307</Pos>
		</Pattern>
		<Pattern>
			<Bytes>0000</Bytes>
			<Pos>311</Pos>
		</Pattern>
		<Pattern>
			<Bytes>000000</Bytes>
			<Pos>314</Pos>
		</Pattern>
		<Pattern>
			<Bytes>0000</Bytes>
			<Pos>318</Pos>
		</Pattern>
		<Pattern>
			<Bytes>00000000000000</Bytes>
			<Pos>321</Pos>
		</Pattern>
		<Pattern>
			<Bytes>0000000000000000</Bytes>
			<Pos>329</Pos>
		</Pattern>
		<Pattern>
			<Bytes>0000</Bytes>
			<Pos>339</Pos>
		</Pattern>
		<Pattern>
			<Bytes>000000000000</Bytes>
			<Pos>342</Pos>
		</Pattern>
		<Pattern>
			<Bytes>0000000000</Bytes>
			<Pos>349</Pos>
		</Pattern>
		<Pattern>
			<Bytes>0000</Bytes>
			<Pos>355</Pos>
		</Pattern>
		<Pattern>
			<Bytes>00000000</Bytes>
			<Pos>358</Pos>
		</Pattern>
		<Pattern>
			<Bytes>0000</Bytes>
			<Pos>363</Pos>
		</Pattern>
		<Pattern>
			<Bytes>000000000000</Bytes>
			<Pos>366</Pos>
		</Pattern>
		<Pattern>
			<Bytes>00</Bytes>
			<Pos>373</Pos>
		</Pattern>
		<Pattern>
			<Bytes>00</Bytes>
			<Pos>375</Pos>
		</Pattern>
		<Pattern>
			<Bytes>00</Bytes>
			<Pos>381</Pos>
		</Pattern>
		<Pattern>
			<Bytes>00</Bytes>
			<Pos>387</Pos>
		</Pattern>
		<Pattern>
			<Bytes>000000</Bytes>
			<Pos>390</Pos>
		</Pattern>
		<Pattern>
			<Bytes>0000</Bytes>
			<Pos>395</Pos>
		</Pattern>
		<Pattern>
			<Bytes>00000000000000000000000000</Bytes>
			<Pos>399</Pos>
		</Pattern>
		<Pattern>
			<Bytes>0000</Bytes>
			<Pos>413</Pos>
		</Pattern>
		<Pattern>
			<Bytes>00</Bytes>
			<Pos>421</Pos>
		</Pattern>
		<Pattern>
			<Bytes>00</Bytes>
			<Pos>424</Pos>
		</Pattern>
		<Pattern>
			<Bytes>000000</Bytes>
			<Pos>426</Pos>
		</Pattern>
		<Pattern>
			<Bytes>0000</Bytes>
			<Pos>430</Pos>
		</Pattern>
		<Pattern>
			<Bytes>0000</Bytes>
			<Pos>434</Pos>
		</Pattern>
		<Pattern>
			<Bytes>00000000000000000000</Bytes>
			<Pos>438</Pos>
		</Pattern>
		<Pattern>
			<Bytes>00</Bytes>
			<Pos>451</Pos>
		</Pattern>
		<Pattern>
			<Bytes>0000</Bytes>
			<Pos>453</Pos>
		</Pattern>
		<Pattern>
			<Bytes>00</Bytes>
			<Pos>461</Pos>
		</Pattern>
		<Pattern>
			<Bytes>00</Bytes>
			<Pos>464</Pos>
		</Pattern>
		<Pattern>
			<Bytes>00000000</Bytes>
			<Pos>466</Pos>
		</Pattern>
		<Pattern>
			<Bytes>0000</Bytes>
			<Pos>471</Pos>
		</Pattern>
		<Pattern>
			<Bytes>000000</Bytes>
			<Pos>474</Pos>
		</Pattern>
		<Pattern>
			<Bytes>0000000000000000000000000000</Bytes>
			<Pos>478</Pos>
		</Pattern>
		<Pattern>
			<Bytes>0000</Bytes>
			<Pos>493</Pos>
		</Pattern>
		<Pattern>
			<Bytes>00</Bytes>
			<Pos>501</Pos>
		</Pattern>
		<Pattern>
			<Bytes>00</Bytes>
			<Pos>508</Pos>
		</Pattern>
		<Pattern>
			<Bytes>00</Bytes>
			<Pos>511</Pos>
		</Pattern>
	</FrontBlock>
	<GlobalStrings>
		<String>.ASPACK</String>
		<String>ADVAPI32.DLL</String>
		<String>COULD</String>
		<String>D$ %</String>
		<String>D$$W3</String>
		<String>D4$'FH</String>
		<String>DATA</String>
		<String>DYNAMIC</String>
		<String>ENTRY</String>
		<String>ERROR</String>
		<String>EXITPROCESS</String>
		<String>KERNEL32.DLL'''GETPROCADDRESS'''GETMODULEHANDLEA'''LOADLIBRARYA</String>
		<String>L4$F</String>
		<String>LINK</String>
		<String>LOADER</String>
		<String>LOCATED</String>
		<String>MESSAGEBOXA</String>
		<String>ORDINAL</String>
		<String>PE''L</String>
		<String>POINT</String>
		<String>PROCEDURE</String>
		<String>PROGRAM</String>
		<String>T$ V</String>
		<String>T$H3</String>
		<String>T4$F</String>
		<String>THIS</String>
		<String>USER32.DLL</String>
		<String>VIRTUALALLOC'VIRTUALFREE</String>
		<String>WIN32</String>
		<String>WSPRINTFA</String>
	</GlobalStrings>
</TrID>
