<TrID ver="2.00">
	<Info>
		<FileType>Microsoft ASP.NET Web Form</FileType>
		<Ext>ASPX</Ext>
		<ExtraInfo>
			<Rem></Rem>
			<RefURL>http://www.microsoft.com/net/</RefURL>
		</ExtraInfo>
		<User>Brendan Hayes</User>
		<E-Mail>brendan@ajiliti.com</E-Mail>
		<Home>http://www.ajiliti.com/</Home>
	</Info>
	<General>
		<FileNum>11</FileNum>
		<Refine>4 by Marco Pontello</Refine>
		<CheckStrings>True</CheckStrings>
		<Date>
			<Year>2010</Year>
			<Month>09</Month>
			<Day>11</Day>
		</Date>
		<Time>
			<Hour>02</Hour>
			<Min>02</Min>
			<Sec>44</Sec>
		</Time>
		<Creator>TrIDScan32 v1.56</Creator>
	</General>
	<FrontBlock>
		<Pattern>
			<Bytes>3C2540205061676520</Bytes>
			<ASCII> . % @   P a g e</ASCII>
			<Pos>0</Pos>
		</Pattern>
	</FrontBlock>
	<GlobalStrings>
		<String>LANGUAGE</String>
		<String>SERVER</String>
		<String>RUNAT</String>
		<String>PAGE</String>
	</GlobalStrings>
</TrID>
