<TrID ver="2.00">
	<Info>
		<FileType>Advanced Stream Redirector</FileType>
		<Ext>ASX</Ext>
		<ExtraInfo>
			<Rem></Rem>
			<RefURL>http://en.wikipedia.org/wiki/Advanced_Stream_Redirector</RefURL>
		</ExtraInfo>
		<User>Marco Pontello</User>
		<E-Mail>marcopon@gmail.com</E-Mail>
		<Home>http://mark0.net</Home>	</Info>
	<General>
		<FileNum>13</FileNum>
		<CheckStrings>True</CheckStrings>
		<Date>
			<Year>2007</Year>
			<Month>12</Month>
			<Day>02</Day>
		</Date>
		<Time>
			<Hour>17</Hour>
			<Min>24</Min>
			<Sec>14</Sec>
		</Time>
		<Creator>TrIDScan32 v1.56</Creator>
	</General>
	<FrontBlock>
		<Pattern>
			<Bytes>3C</Bytes>
			<Pos>0</Pos>
		</Pattern>
		<Pattern>
			<Bytes>2076657273696F6E</Bytes>
			<ASCII>   v e r s i o n</ASCII>
			<Pos>4</Pos>
		</Pattern>
	</FrontBlock>
	<GlobalStrings>
		<String>ASX VERSION</String>
		<String>REF HREF</String>
		<String>ENTRY</String>
	</GlobalStrings>
</TrID>
