<TrID ver="2.00">
	<Info>
		<FileType>LTSpice Symbol</FileType>
		<Ext>ASY</Ext>
		<ExtraInfo>
			<Rem></Rem>
			<RefURL>http://www.linear.com/designtools/software/</RefURL>
		</ExtraInfo>
		<User>Marco Pontello</User>
		<E-Mail>marcopon@gmail.com</E-Mail>
		<Home>http://mark0.net</Home>
	</Info>
	<General>
		<FileNum>5</FileNum>
		<CheckStrings>True</CheckStrings>
		<Date>
			<Year>2011</Year>
			<Month>3</Month>
			<Day>15</Day>
		</Date>
		<Time>
			<Hour>13</Hour>
			<Min>0</Min>
			<Sec>12</Sec>
		</Time>
		<Creator>TrIDScan/Py v1.79.11b</Creator>
	</General>
	<FrontBlock>
		<Pattern>
			<Bytes>56657273696F6E20340D</Bytes>
			<ASCII> V e r s i o n   4</ASCII>
			<Pos>0</Pos>
		</Pattern>
	</FrontBlock>
	<GlobalStrings>
		<String>PINATTR SPICEORDER</String>
		<String>PINATTR PINNAME</String>
		<String>SYMBOLTYPE</String>
		<String>VERSION</String>
		<String>NORMAL</String>
	</GlobalStrings>
</TrID>