<TrID ver="2.00">
	<Info>
		<FileType>Axon Text File format</FileType>
		<Ext>ATF</Ext>
		<ExtraInfo>
			<Rem></Rem>
			<RefURL>http://mdc.custhelp.com/app/answers/detail/a_id/18883/~/genepix%E2%AE-file-formats</RefURL>
		</ExtraInfo>
		<User>Marco Pontello</User>
		<E-Mail>marcopon@gmail.com</E-Mail>
		<Home>http://mark0.net</Home>
	</Info>
	<General>
		<FileNum>12</FileNum>
		<CheckStrings>True</CheckStrings>
		<Date>
			<Year>2011</Year>
			<Month>12</Month>
			<Day>29</Day>
		</Date>
		<Time>
			<Hour>18</Hour>
			<Min>52</Min>
			<Sec>40</Sec>
		</Time>
		<Creator>TrIDScan/Py v1.79.12b</Creator>
	</General>
	<FrontBlock>
		<Pattern>
			<Bytes>415446</Bytes>
			<ASCII> A T F</ASCII>
			<Pos>0</Pos>
		</Pattern>
	</FrontBlock>
	<GlobalStrings>
		<String>TYPE</String>
	</GlobalStrings>
</TrID>