<TrID ver="2.00">
	<Info>
		<FileType>Photoshop Action</FileType>
		<Ext>ATN</Ext>
		<ExtraInfo>
			<Rem></Rem>
			<RefURL>http://www.adobe.com/</RefURL>
		</ExtraInfo>
		<User>Marco Pontello</User>
		<E-Mail>marcopon@gmail.com</E-Mail>
		<Home>http://mark0.net</Home>
	</Info>
	<General>
		<FileNum>30</FileNum>
		<Refine>14 by Marco Pontello</Refine>
		<CheckStrings>True</CheckStrings>
		<Date>
			<Year>2007</Year>
			<Month>03</Month>
			<Day>13</Day>
		</Date>
		<Time>
			<Hour>11</Hour>
			<Min>17</Min>
			<Sec>03</Sec>
		</Time>
		<Creator>TrIDScan32 v1.56</Creator>
	</General>
	<FrontBlock>
		<Pattern>
			<Bytes>000000</Bytes>
			<Pos>0</Pos>
		</Pattern>
		<Pattern>
			<Bytes>000000</Bytes>
			<Pos>4</Pos>
		</Pattern>
		<Pattern>
			<Bytes>00</Bytes>
			<Pos>8</Pos>
		</Pattern>
		<Pattern>
			<Bytes>00</Bytes>
			<Pos>10</Pos>
		</Pattern>
		<Pattern>
			<Bytes>00</Bytes>
			<Pos>12</Pos>
		</Pattern>
		<Pattern>
			<Bytes>00</Bytes>
			<Pos>14</Pos>
		</Pattern>
	</FrontBlock>
	<GlobalStrings>
		<String>TEXT</String>
	</GlobalStrings>
</TrID>
