<TrID ver="2.00">
	<Info>
		<FileType>Dolby Digital audio</FileType>
		<Ext>AC3</Ext>
		<ExtraInfo>
			<Rem></Rem>
			<RefURL>http://en.wikipedia.org/wiki/Dolby_Digital</RefURL>
		</ExtraInfo>
		<User>Ryan Jones</User>
		<E-Mail>sciguyryan@gmail.com</E-Mail>
		<Home>http://ccc-cymru.com/</Home>
	</Info>
	<General>
		<FileNum>43</FileNum>
		<Date>
			<Year>2010</Year>
			<Month>04</Month>
			<Day>28</Day>
		</Date>
		<Time>
			<Hour>11</Hour>
			<Min>14</Min>
			<Sec>35</Sec>
		</Time>
		<Creator>TrIDScan32 v1.56</Creator>
	</General>
	<FrontBlock>
		<Pattern>
			<Bytes>0B77</Bytes>
			<ASCII> . w</ASCII>
			<Pos>0</Pos>
		</Pattern>
		<Pattern>
			<Bytes>40</Bytes>
			<ASCII> @</ASCII>
			<Pos>5</Pos>
		</Pattern>
	</FrontBlock>
</TrID>
