<TrID ver="2.00">
	<Info>
		<FileType>Sega Dreamcast audio</FileType>
		<Ext>ADX</Ext>
		<ExtraInfo>
			<Rem></Rem>
			<RefURL>http://www.dreamcast.com</RefURL>
		</ExtraInfo>
		<User>Marco Pontello</User>
		<E-Mail>marcopon@gmail.com</E-Mail>
		<Home>http://mark0.net</Home>
	</Info>
	<General>
		<FileNum>13</FileNum>
		<Refine>1 by Marco Pontello</Refine>
		<CheckStrings>True</CheckStrings>
		<Date>
			<Year>2008</Year>
			<Month>06</Month>
			<Day>16</Day>
		</Date>
		<Time>
			<Hour>23</Hour>
			<Min>28</Min>
			<Sec>15</Sec>
		</Time>
		<Creator>TrIDScan32 v1.56</Creator>
	</General>
	<FrontBlock>
		<Pattern>
			<Bytes>8000</Bytes>
			<Pos>0</Pos>
		</Pattern>
		<Pattern>
			<Bytes>031204</Bytes>
			<Pos>4</Pos>
		</Pattern>
	</FrontBlock>
	<GlobalStrings>
		<String>(C)CRI</String>
	</GlobalStrings>
</TrID>
