<TrID ver="1.15">
	<Info>
		<FileType>NeXT/Sun uLaw/AUdio format</FileType>
		<Ext>AU</Ext>
		<User>James Heinrich</User>
		<E-Mail>getid3@nospam@users.sourceforge.net</E-Mail>
		<Home>http://getid3.sourceforge.net</Home>
	</Info>
	<General>
		<FileNum>11</FileNum>
		<Date>
			<Year>2003</Year>
			<Month>06</Month>
			<Day>29</Day>
		</Date>
		<Time>
			<Hour>10</Hour>
			<Min>19</Min>
			<Sec>12</Sec>
		</Time>
		<Creator>TrIDScan32 v0.54.4b</Creator>
	</General>
	<FrontBlock>
		<Pattern>
			<Bytes>2E736E64000000</Bytes>
			<Pos>0</Pos>
		</Pattern>
	</FrontBlock>
</TrID>

