<TrID ver="2.00">
	<Info>
		<FileType>ZX Audio</FileType>
		<Ext>AZX</Ext>
		<ExtraInfo>
			<Rem></Rem>
			<RefURL>http://www.worldofspectrum.org/AZXformat.txt</RefURL>
		</ExtraInfo>
		<User>Marco Pontello</User>
		<E-Mail>marcopon@gmail.com</E-Mail>
		<Home>http://mark0.net</Home>
	</Info>
	<General>
		<FileNum>2</FileNum>
		<Date>
			<Year>2008</Year>
			<Month>09</Month>
			<Day>01</Day>
		</Date>
		<Time>
			<Hour>13</Hour>
			<Min>27</Min>
			<Sec>28</Sec>
		</Time>
		<Creator>TrIDScan32 v1.56</Creator>
	</General>
	<FrontBlock>
		<Pattern>
			<Bytes>5A58417564696F211A</Bytes>
			<ASCII> Z X A u d i o !</ASCII>
			<Pos>0</Pos>
		</Pattern>
	</FrontBlock>
</TrID>
