<TrID ver="2.00">
	<Info>
		<FileType>BRST Audio Stream</FileType>
		<Ext>BRSTM</Ext>
		<ExtraInfo>
			<Rem>Nintendo Wii / Gamecube</Rem>
			<RefURL></RefURL>
		</ExtraInfo>
		<User>Marco Pontello</User>
		<E-Mail>marcopon@gmail.com</E-Mail>
		<Home>http://mark0.net</Home>
	</Info>
	<General>
		<FileNum>8</FileNum>
		<Date>
			<Year>2008</Year>
			<Month>09</Month>
			<Day>08</Day>
		</Date>
		<Time>
			<Hour>15</Hour>
			<Min>59</Min>
			<Sec>03</Sec>
		</Time>
		<Creator>TrIDScan32 v1.56</Creator>
	</General>
	<FrontBlock>
		<Pattern>
			<Bytes>5253544D</Bytes>
			<ASCII> R S T M</ASCII>
			<Pos>0</Pos>
		</Pattern>
		<Pattern>
			<Bytes>48454144</Bytes>
			<ASCII> H E A D</ASCII>
			<Pos>64</Pos>
		</Pattern>
		<Pattern>
			<Bytes>41445043</Bytes>
			<ASCII> A D P C</ASCII>
			<Pos>320</Pos>
		</Pattern>
	</FrontBlock>
</TrID>
