<TrID ver="2.00">
	<Info>
		<FileType>AST Audio Stream</FileType>
		<Ext>AST</Ext>
		<ExtraInfo>
			<Rem>Nintendo Wii / Gamecube</Rem>
			<RefURL></RefURL>
		</ExtraInfo>
		<User>Marco Pontello</User>
		<E-Mail>marcopon@gmail.com</E-Mail>
		<Home>http://mark0.net</Home>
	</Info>
	<General>
		<FileNum>5</FileNum>
		<Date>
			<Year>2008</Year>
			<Month>09</Month>
			<Day>08</Day>
		</Date>
		<Time>
			<Hour>15</Hour>
			<Min>47</Min>
			<Sec>03</Sec>
		</Time>
		<Creator>TrIDScan32 v1.56</Creator>
	</General>
	<FrontBlock>
		<Pattern>
			<Bytes>5354524D</Bytes>
			<ASCII> S T R M</ASCII>
			<Pos>0</Pos>
		</Pattern>
		<Pattern>
			<Bytes>424C434B</Bytes>
			<ASCII> B L C K</ASCII>
			<Pos>64</Pos>
		</Pattern>
	</FrontBlock>
</TrID>
