<TrID ver="2.00">
	<Info>
		<FileType>DTS Compact audio</FileType>
		<Ext>CPT</Ext>
		<ExtraInfo>
			<Rem></Rem>
			<RefURL>http://en.wikipedia.org/wiki/DTS_(sound_system)</RefURL>
		</ExtraInfo>
		<User>Marco Pontello</User>
		<E-Mail>marcopon@gmail.com</E-Mail>
		<Home>http://mark0.net</Home>
	</Info>
	<General>
		<FileNum>3</FileNum>
		<Date>
			<Year>2010</Year>
			<Month>05</Month>
			<Day>17</Day>
		</Date>
		<Time>
			<Hour>14</Hour>
			<Min>01</Min>
			<Sec>31</Sec>
		</Time>
		<Creator>TrIDScan32 v1.56</Creator>
	</General>
	<FrontBlock>
		<Pattern>
			<Bytes>7FFE8001FC3C7DC277000D3B8009EF7BDEF7BDEF0000FFF6DB6DB6FFFFFFFFFFFFFFFFFFFFFFFFFFFFFF</Bytes>
			<ASCII> . . . . . . } . w . . ; . . . { . . . . . . . . . m</ASCII>
			<Pos>0</Pos>
		</Pattern>
		<Pattern>
			<Bytes>0000</Bytes>
			<Pos>43</Pos>
		</Pattern>
		<Pattern>
			<Bytes>0000</Bytes>
			<Pos>47</Pos>
		</Pattern>
		<Pattern>
			<Bytes>00000004000000</Bytes>
			<Pos>51</Pos>
		</Pattern>
		<Pattern>
			<Bytes>0000</Bytes>
			<Pos>59</Pos>
		</Pattern>
		<Pattern>
			<Bytes>000000000000000000000000000000000000000000000000000000000000000000000000</Bytes>
			<Pos>169</Pos>
		</Pattern>
		<Pattern>
			<Bytes>00</Bytes>
			<Pos>354</Pos>
		</Pattern>
		<Pattern>
			<Bytes>00</Bytes>
			<Pos>362</Pos>
		</Pattern>
		<Pattern>
			<Bytes>00</Bytes>
			<Pos>364</Pos>
		</Pattern>
		<Pattern>
			<Bytes>00</Bytes>
			<Pos>493</Pos>
		</Pattern>
		<Pattern>
			<Bytes>00</Bytes>
			<Pos>495</Pos>
		</Pattern>
		<Pattern>
			<Bytes>00</Bytes>
			<Pos>533</Pos>
		</Pattern>
		<Pattern>
			<Bytes>00</Bytes>
			<Pos>538</Pos>
		</Pattern>
		<Pattern>
			<Bytes>00</Bytes>
			<Pos>544</Pos>
		</Pattern>
		<Pattern>
			<Bytes>0000</Bytes>
			<Pos>1071</Pos>
		</Pattern>
		<Pattern>
			<Bytes>0000</Bytes>
			<Pos>1078</Pos>
		</Pattern>
		<Pattern>
			<Bytes>FF</Bytes>
			<Pos>2010</Pos>
		</Pattern>
		<Pattern>
			<Bytes>007FFE8001FC3C7DC277000D3B8009EF7BDEF7BDEF0000FFF6DB6DB6FFFFFFFFFFFFFFFF</Bytes>
			<ASCII> . . . . . . . } . w . . ; . . . { . . . . . . . . . m</ASCII>
			<Pos>2012</Pos>
		</Pattern>
	</FrontBlock>
</TrID>
