<TrID ver="2.00">
    <Info>
        <FileType>Advanced Digital Audio compressed audio</FileType>
        <Ext>ADA</Ext>
        <ExtraInfo>
            <Rem></Rem>
            <RefURL>http://wwwcip.informatik.uni-erlangen.de/~hovolk/ada/</RefURL>
        </ExtraInfo>
        <User>Marco Pontello</User>
        <E-Mail>marcopon@gmail.com</E-Mail>
        <Home>http://mark0.net</Home>
    </Info>
    <General>
        <FileNum>21</FileNum>
        <Date>
            <Year>2003</Year>
            <Month>12</Month>
            <Day>06</Day>
        </Date>
        <Time>
            <Hour>17</Hour>
            <Min>10</Min>
            <Sec>32</Sec>
        </Time>
        <Creator>TrIDScan32 v1.55</Creator>
    </General>
    <FrontBlock>
        <Pattern>
            <Bytes>4144411A000100</Bytes>
            <ASCII> A D A</ASCII>
            <Pos>0</Pos>
        </Pattern>
    </FrontBlock>
</TrID>
