<TrID ver="2.00">
	<Info>
		<FileType>MPEG-4 LC-AAC Audio</FileType>
		<Ext>AAC</Ext>
		<ExtraInfo>
			<Rem></Rem>
			<RefURL>http://en.wikipedia.org/wiki/Advanced_Audio_Coding</RefURL>
		</ExtraInfo>
		<User>Marco Pontello</User>
		<E-Mail>marcopon@gmail.com</E-Mail>
		<Home>http://mark0.net</Home>
	</Info>
	<General>
		<FileNum>3</FileNum>
		<Date>
			<Year>2009</Year>
			<Month>12</Month>
			<Day>12</Day>
		</Date>
		<Time>
			<Hour>23</Hour>
			<Min>16</Min>
			<Sec>35</Sec>
		</Time>
		<Creator>TrIDScan32 v1.56</Creator>
	</General>
	<FrontBlock>
		<Pattern>
			<Bytes>FFF1</Bytes>
			<Pos>0</Pos>
		</Pattern>
	</FrontBlock>
</TrID>
