<TrID ver="2.00">
    <Info>
        <FileType>Astrid/Quartex AAC encoded audio</FileType>
        <Ext>AAC</Ext>
        <ExtraInfo>
            <Rem></Rem>
            <RefURL>http://www.rjamorim.com/rrw/astrid.html</RefURL>
        </ExtraInfo>
        <User>Marco Pontello</User>
        <E-Mail>marcopon@gmail.com</E-Mail>
        <Home>http://mark0.net</Home>
    </Info>
    <General>
        <FileNum>6</FileNum>
        <Date>
            <Year>2003</Year>
            <Month>12</Month>
            <Day>11</Day>
        </Date>
        <Time>
            <Hour>11</Hour>
            <Min>45</Min>
            <Sec>53</Sec>
        </Time>
        <Creator>TrIDScan32 v1.55</Creator>
    </General>
    <FrontBlock>
        <Pattern>
            <Bytes>414143000100</Bytes>
            <ASCII> A A C</ASCII>
            <Pos>0</Pos>
        </Pattern>
        <Pattern>
            <Bytes>0044AC</Bytes>
            <ASCII> . D</ASCII>
            <Pos>7</Pos>
        </Pattern>
        <Pattern>
            <Bytes>00006008</Bytes>
            <ASCII> . . `</ASCII>
            <Pos>12</Pos>
        </Pattern>
    </FrontBlock>
</TrID>
