<TrID ver="2.00">
	<Info>
		<FileType>Jet-VoiceMail audio data</FileType>
		<Ext>CVF</Ext>
		<ExtraInfo>
			<Rem></Rem>
			<RefURL>http://www.cowonamerica.com/</RefURL>
		</ExtraInfo>
		<User>Marco Pontello</User>
		<E-Mail>marcopon@gmail.com</E-Mail>
		<Home>http://mark0.net</Home>	</Info>
	<General>
		<FileNum>3</FileNum>
		<Date>
			<Year>2008</Year>
			<Month>02</Month>
			<Day>04</Day>
		</Date>
		<Time>
			<Hour>17</Hour>
			<Min>16</Min>
			<Sec>37</Sec>
		</Time>
		<Creator>TrIDScan32 v1.56</Creator>
	</General>
	<FrontBlock>
		<Pattern>
			<Bytes>434F574F4E5646</Bytes>
			<ASCII> C O W O N V F</ASCII>
			<Pos>0</Pos>
		</Pattern>
	</FrontBlock>
</TrID>
