<TrID ver="2.00">
    <Info>
        <FileType>AudioZip encoded audio</FileType>
        <Ext>CSP</Ext>
        <ExtraInfo>
            <Rem></Rem>
            <RefURL>http://www.rjamorim.com/rrw/audiozip.html</RefURL>
        </ExtraInfo>
        <User>Marco Pontello</User>
        <E-Mail>marcopon@gmail.com</E-Mail>
        <Home>http://mark0.net</Home>
    </Info>
    <General>
        <FileNum>7</FileNum>
        <Date>
            <Year>2003</Year>
            <Month>12</Month>
            <Day>06</Day>
        </Date>
        <Time>
            <Hour>17</Hour>
            <Min>24</Min>
            <Sec>05</Sec>
        </Time>
        <Creator>TrIDScan32 v1.55</Creator>
    </General>
    <FrontBlock>
        <Pattern>
            <Bytes>0101</Bytes>
            <Pos>0</Pos>
        </Pattern>
        <Pattern>
            <Bytes>00</Bytes>
            <Pos>23</Pos>
        </Pattern>
        <Pattern>
            <Bytes>00</Bytes>
            <Pos>27</Pos>
        </Pattern>
        <Pattern>
            <Bytes>00</Bytes>
            <Pos>31</Pos>
        </Pattern>
    </FrontBlock>
</TrID>
