<TrID ver="1.18">
    <Info>
        <FileType>Sound Designer I (Mac) audio</FileType>
        <Ext>DIG</Ext>
        <ExtraInfo>
            <Rem></Rem>
            <RefURL></RefURL>
        </ExtraInfo>
        <User>Marco Pontello</User>
        <E-Mail>marcopon@gmail.com</E-Mail>
        <Home>http://mark0.net</Home>
    </Info>
    <General>
        <FileNum>13</FileNum>
        <Date>
            <Year>2003</Year>
            <Month>09</Month>
            <Day>01</Day>
        </Date>
        <Time>
            <Hour>15</Hour>
            <Min>24</Min>
            <Sec>42</Sec>
        </Time>
        <Creator>TrIDScan32 v1.23</Creator>
    </General>
    <FrontBlock>
        <Pattern>
            <Bytes>056C0020</Bytes>
            <ASCII> . l</ASCII>
            <Pos>0</Pos>
        </Pattern>
        <Pattern>
            <Bytes>0010064C696E656172</Bytes>
            <ASCII> . . . L i n e a r</ASCII>
            <Pos>1080</Pos>
        </Pattern>
    </FrontBlock>
</TrID>
