<TrID ver="2.00">
    <Info>
        <FileType>Creative Music File</FileType>
        <Ext>CMF</Ext>
        <ExtraInfo>
            <Rem></Rem>
            <RefURL>http://thorkildsen.no/faqsys/docs/cmf_form.txt</RefURL>
        </ExtraInfo>
        <User>Marco Pontello</User>
        <E-Mail>marcopon@gmail.com</E-Mail>
        <Home>http://mark0.net</Home>
    </Info>
    <General>
        <FileNum>2</FileNum>
        <Date>
            <Year>2003</Year>
            <Month>11</Month>
            <Day>10</Day>
        </Date>
        <Time>
            <Hour>01</Hour>
            <Min>18</Min>
            <Sec>06</Sec>
        </Time>
        <Creator>TrIDScan32 v1.40b</Creator>
    </General>
    <FrontBlock>
        <Pattern>
            <Bytes>43544D46</Bytes>
            <ASCII> C T M F</ASCII>
            <Pos>0</Pos>
        </Pattern>
    </FrontBlock>
</TrID>
