<TrID ver="2.00">
	<Info>
		<FileType>AMR (Adaptive Multi Rate) encoded audio</FileType>
		<Ext>AMR</Ext>
		<ExtraInfo>
			<Rem>Speech encoding format used in GSM telephony</Rem>
			<RefURL>http://file-extension.net/info/amr-adaptive-multi-rate-encoded-audio-file.html</RefURL>
		</ExtraInfo>
		<User>Marco Pontello</User>
		<E-Mail>marcopon@gmail.com</E-Mail>
		<Home>http://mark0.net</Home>
	</Info>
	<General>
		<FileNum>14</FileNum>
		<Refine>1 by Marco Pontello</Refine>
		<Date>
			<Year>2005</Year>
			<Month>03</Month>
			<Day>10</Day>
		</Date>
		<Time>
			<Hour>01</Hour>
			<Min>50</Min>
			<Sec>19</Sec>
		</Time>
		<Creator>TrIDScan32 v1.56</Creator>
	</General>
	<FrontBlock>
		<Pattern>
			<Bytes>2321414D520A</Bytes>
			<ASCII> # ! A M R</ASCII>
			<Pos>0</Pos>
		</Pattern>
	</FrontBlock>
</TrID>
