<TrID ver="1.18">
    <Info>
        <FileType>Cryo Interactive APC audio</FileType>
        <Ext>APC</Ext>
        <ExtraInfo>
            <Rem></Rem>
            <RefURL></RefURL>
        </ExtraInfo>
        <User>Marco Pontello</User>
        <E-Mail>marcopon@gmail.com</E-Mail>
        <Home>http://mark0.net</Home>
    </Info>
    <General>
        <FileNum>7</FileNum>
        <Date>
            <Year>2003</Year>
            <Month>08</Month>
            <Day>01</Day>
        </Date>
        <Time>
            <Hour>22</Hour>
            <Min>03</Min>
            <Sec>43</Sec>
        </Time>
        <Creator>TrIDScan32 v1.02.6b</Creator>
    </General>
    <FrontBlock>
        <Pattern>
            <Bytes>4352594F5F415043</Bytes>
            <ASCII> C R Y O _ A P C</ASCII>
            <Pos>0</Pos>
        </Pattern>
    </FrontBlock>
</TrID>
