<TrID ver="1.18">
    <Info>
        <FileType>Audio Visual Research sound</FileType>
        <Ext>AVR</Ext>
        <ExtraInfo>
            <Rem></Rem>
            <RefURL></RefURL>
        </ExtraInfo>
        <User>Marco Pontello</User>
        <E-Mail>marcopon@gmail.com</E-Mail>
        <Home>http://mark0.net</Home>
    </Info>
    <General>
        <FileNum>2</FileNum>
        <Date>
            <Year>2003</Year>
            <Month>08</Month>
            <Day>01</Day>
        </Date>
        <Time>
            <Hour>22</Hour>
            <Min>09</Min>
            <Sec>02</Sec>
        </Time>
        <Creator>TrIDScan32 v1.02.6b</Creator>
    </General>
    <FrontBlock>
        <Pattern>
            <Bytes>32424954</Bytes>
            <ASCII> 2 B I T</ASCII>
            <Pos>0</Pos>
        </Pattern>
    </FrontBlock>
</TrID>
