<TrID ver="2.00">
	<Info>
		<FileType>Digital Speech Standard audio (v3)</FileType>
		<Ext>DSS</Ext>
		<ExtraInfo>
			<Rem>The Digital Speech Standard is a compatible digital speech recording standard jointly developed by Grundig, Olympus and Philips.</Rem>
			<RefURL>http://www.olympus-europa.com/consumer/2590_6730.htm</RefURL>
		</ExtraInfo>
		<User>Marco Pontello</User>
		<E-Mail>marcopon@gmail.com</E-Mail>
		<Home>http://mark0.net</Home>
	</Info>
	<General>
		<FileNum>9</FileNum>
		<Date>
			<Year>2008</Year>
			<Month>05</Month>
			<Day>29</Day>
		</Date>
		<Time>
			<Hour>15</Hour>
			<Min>47</Min>
			<Sec>04</Sec>
		</Time>
		<Creator>TrIDScan32 v1.56</Creator>
	</General>
	<FrontBlock>
		<Pattern>
			<Bytes>03647373</Bytes>
			<ASCII> . d s s</ASCII>
			<Pos>0</Pos>
		</Pattern>
	</FrontBlock>
</TrID>
