<TrID ver="2.00">
	<Info>
		<FileType>Adaptive Multi-Rate Wideband ACELP codec</FileType>
		<Ext>AWB</Ext>
		<ExtraInfo>
			<Rem></Rem>
			<RefURL></RefURL>
		</ExtraInfo>
		<User>Marco Pontello</User>
		<E-Mail>marcopon@gmail.com</E-Mail>
		<Home>http://mark0.net</Home>	</Info>
	<General>
		<FileNum>2</FileNum>
		<Date>
			<Year>2006</Year>
			<Month>09</Month>
			<Day>11</Day>
		</Date>
		<Time>
			<Hour>11</Hour>
			<Min>30</Min>
			<Sec>57</Sec>
		</Time>
		<Creator>TrIDScan32 v1.56</Creator>
	</General>
	<FrontBlock>
		<Pattern>
			<Bytes>2321414D522D5742</Bytes>
			<ASCII> # ! A M R - W B</ASCII>
			<Pos>0</Pos>
		</Pattern>
	</FrontBlock>
</TrID>
